-- phpMyAdmin SQL Dump
-- version 4.4.15.10
-- https://www.phpmyadmin.net
--
-- Host: localhost
-- Generation Time: Apr 10, 2021 at 01:39 PM
-- Server version: 5.5.68-MariaDB
-- PHP Version: 7.2.10

SET SQL_MODE = "NO_AUTO_VALUE_ON_ZERO";
SET time_zone = "+00:00";


/*!40101 SET @OLD_CHARACTER_SET_CLIENT=@@CHARACTER_SET_CLIENT */;
/*!40101 SET @OLD_CHARACTER_SET_RESULTS=@@CHARACTER_SET_RESULTS */;
/*!40101 SET @OLD_COLLATION_CONNECTION=@@COLLATION_CONNECTION */;
/*!40101 SET NAMES utf8mb4 */;

--
-- Database: `p_f17_7_db`
--

-- --------------------------------------------------------

--
-- Table structure for table `booklocations`
--

CREATE TABLE IF NOT EXISTS `booklocations` (
  `ShelfNo` int(10) NOT NULL,
  `First` varchar(20) CHARACTER SET utf8 COLLATE utf8_unicode_ci NOT NULL,
  `Last` varchar(20) CHARACTER SET utf8 COLLATE utf8_unicode_ci NOT NULL,
  `Map` varchar(10) CHARACTER SET utf8 COLLATE utf8_unicode_ci NOT NULL
) ENGINE=InnoDB DEFAULT CHARSET=latin1;

--
-- Dumping data for table `booklocations`
--

INSERT INTO `booklocations` (`ShelfNo`, `First`, `Last`, `Map`) VALUES
(1, 'AC1.G72', 'AZ999.M6', '1'),
(2, 'B72.F4', 'B131.D3v.5', '1'),
(3, 'B131.E2', 'B243.G66', '1'),
(4, 'B234.G881987', 'B801.H3', '1'),
(5, 'B801.L441968', 'B945.M2984M221970', '1'),
(6, 'B945.M461R4', 'B1646.H23P51968', '1'),
(7, 'B1646.H24V641984', 'B2779.S451974', '1'),
(8, 'B2779.S51962', 'B3998.W63', '1'),
(9, 'B3998.W651983', 'B5802.A89A971992', '1'),
(10, 'BD215.S881969', 'BD701.W36', '1'),
(11, 'BF108.U5A5', 'BF181.G31951', '1'),
(12, 'BF181.G31980', 'BF455.H6751965', '1'),
(13, 'BF455.I531992', 'BF692.R38', '1'),
(14, 'BF692.R4', 'BF721.R33', '1'),
(15, 'BF721.R34', 'BF1141.B681976', '1'),
(16, 'BF1141.C4731966', 'BJ1287.C631974', '1'),
(17, 'BJ1287.L83M33', 'BL80.2.H621960', '1'),
(18, 'BL80.2.H781975', 'BL1032.B4', '1'),
(19, 'BL1032.K51968', 'BL2370.S5E4131970', '1'),
(20, 'BL2370.S5E4132004', 'BL2790.M45D6', '1'),
(21, 'BP60.T341987', 'BP624.A462004', '1'),
(22, 'BR60.S41954', 'BR479.C551935', '1'),
(23, 'BR479.H575', 'BS192.2.A11964G3', '1'),
(24, 'BA192.2.A11964.G3v.3', 'BT28.I3411971', '1'),
(25, 'BT28.N47v.3', 'BV3785.G69F7', '1'),
(26, 'BV3785.G69M452009', 'BX1735.L451966v.2', '1'),
(27, 'BX1735.L451966v.3', 'BX5133.D6S4v.10c.2', '1'),
(28, 'BX5133.D6S441963', 'CB251.H79', '1'),
(29, 'CB251.H8', 'CT275.F68S91948', '1'),
(30, 'CT257.F7H31936', 'D16.7.I233v.3c.2', '1'),
(31, 'D16.7.I2331958v.1', 'D148.H3', '1'),
(32, 'D148.N682000', 'D568.5.M51970', '1'),
(33, 'D568.5.W6', 'D767.25.H6W3552004', '1'),
(34, 'D767.25.H6W362005', 'D810.J4L2813', '1'),
(35, 'D810.J4L355', 'DA30.B82v.2', '1'),
(36, 'DA30.C31929av.1', 'DA257.S5', '1'),
(37, 'DA258.R67', 'DA508.A5M31979', '1'),
(38, 'DA508.A6E4', 'DA670.N8S5', '1'),
(39, 'DA670.N813H861976b', 'DC38.G9v.2', '1'),
(40, 'DC38.G975', 'DC342.8.G3B79', '1'),
(41, 'MISSING', '', '1'),
(42, 'MISSING', '', '1'),
(43, 'MISSING', '', '1'),
(44, 'MISSING', '', '1'),
(45, 'MISSING', '', '1'),
(46, 'MISSING', '', '1'),
(47, 'MISSING', '', '1'),
(48, 'MISSING', '', '1'),
(49, 'MISSING', '', '1'),
(50, 'MISSING', '', '1'),
(51, 'MISSING', '', '1'),
(52, 'MISSING', '', '1'),
(53, 'MISSING', '', '1'),
(54, 'MISSING', '', '1'),
(55, 'MISSING', '', '1'),
(56, 'MISSING', '', '1'),
(57, 'MISSING', '', '1'),
(58, 'DS740.5.K6', 'DS779.2.C45', '1'),
(59, 'DS779.2.C46', 'DS895.I5', '1'),
(60, 'MISSING', '', '1'),
(61, 'MISSING', '', '1'),
(62, 'MISSING', '', '1'),
(63, 'DT455.P4713', 'DT755.R35', '1'),
(64, 'DT107.C5', 'DT433.L8A31959v.4', '1'),
(65, 'DT433.S7L8', 'DT541.62.R66', '1'),
(66, 'DT541.65.A6c.2', 'DT763.J41967', '1'),
(67, 'DT763.K231968', 'DT862.2.W54', '1'),
(68, 'DT864.B3', 'DU740.S341991', '1'),
(69, 'DU740.S373', 'E97.2.A4762001', '1'),
(70, 'E97.5.A351995', 'E99.Z9Z86', '1'),
(71, 'E101.B831955', 'E169.1.R631932', '1'),
(72, 'E169.1.R7755c.1', 'E176.B7981969', '1'),
(73, 'E176.B81931', 'E181.L64', '1'),
(74, 'E181.M63', 'E183.8.S65C751995', '1'),
(75, 'E183.8.S65D341985', 'E184.S75D3782003', '1'),
(76, 'E184.S75F432014', 'E185.625.Y682010', '1'),
(77, 'E185.63.B55v.1', 'E188.A49', '1'),
(78, 'E188.A572v.1', 'E263.N6N56v.3', '1'),
(79, 'E263.N6N56v.4', 'E302.1.D6', '1'),
(80, 'E302.1.E442007', 'E338.P42', '1'),
(81, 'E338.R382008', 'E449.E76', '1'),
(82, 'E449.F481972', 'E470.8.M46', '1'),
(83, 'E470.9.J661991', 'E697.C63', '1'),
(84, 'E697.M14v.1-2', 'E745.M3S261989', '1'),
(85, 'E745.M37C731990', 'E767.L64c.2', '1'),
(86, 'E767.L65v.1', 'E840.8.G5S742000', '1'),
(87, 'E840.8.G54A31999', 'F4.5.W752001', '1'),
(88, 'F5.D762', 'F128.E472002c.2', '1'),
(89, 'F128.1.K551971', 'F210.W43', '1'),
(90, 'F211.A94', 'F334.B69N4492001', '1'),
(91, 'F334.L55H462000', 'F592.D861997', '1'),
(92, 'F592.F2221966', 'F912.T64B661999', '1'),
(93, 'F912.Y9M3', 'F1221.P6F71966', '1'),
(94, 'F1221.S43C71971', 'F1416.S65M551989', '1'),
(95, 'F1416.S65R431983v.1', 'F1788.T53131990', '1'),
(96, 'F1788.T691990', 'F2687.P4', '1'),
(97, 'F2687.W542002v.1', 'G440.C6C61988', '1'),
(98, 'HC106.83.M55', 'HC141.M36', '2'),
(99, 'GC11.G7513', 'GN24.F6', '1'),
(100, 'GN24.G6', 'GN475.8.G4', '1'),
(101, 'GN475.8.H3', 'GN805.B87', '1'),
(102, 'GN805.C51971', 'GT607.E221999', '2'),
(103, 'GT607.M23', 'GV445.B561994', '1'),
(104, 'GV445.C55', 'GV1132.K48N491995', '1'),
(105, 'GV1132.L6A84', 'H61.C67', '1'),
(106, 'H61.D53.2003', 'HB74.M3C6531960', '1'),
(107, 'HB74.M3F532', 'HB171.C591967', '1'),
(108, 'HB171.C9525', 'HB915.T87', '1'),
(109, 'HB915.W291987', 'HC79.E5B75952003', '1'),
(110, 'HC79.E5B7595', 'HC106.83.L5', '1'),
(111, 'HC106.83.M55', 'HC141.M36', '1'),
(112, 'HC141.N83', 'HC336.2.K513', '1'),
(113, 'HC336.2.M353', 'HC462.9.K793', '1'),
(114, 'HC462.9.L56', 'HD21.K451964c.2', '1'),
(115, 'HD21.N38', 'HD45.C4692003', '1'),
(116, 'HD45.D331992', 'HD74.P561984', '1'),
(117, 'HD75.A391990', 'HD17651983.k731983', '1'),
(118, 'HD1773.A2R87', 'HD4870.U6N361990', '1'),
(119, 'HD4871.F672009', 'HD6095.F691984', '1'),
(120, 'HD6095.G382014', 'HD7304.N6S71969', '1'),
(121, 'HD7304.P5R3', 'HD9066.M31.H5', '1'),
(122, 'HD9074.m7.m61967', 'HD9574.w54', '1'),
(123, 'HD9574.p92i8', 'hd9759.w4h5', '1'),
(124, 'hd9760.b83m391988', 'he9774.e4', '1'),
(125, 'he9774.s35.c31968', 'hf5011', '1'),
(126, 'HF5011.W26v.1', 'hf5548.2.B735', '1'),
(127, 'hf5548.2 c58131976', 'hf5813.u6f661984', '1'),
(128, 'hf5813.u6a155', 'hg3851.e38', '1'),
(129, 'hg3851.e38', 'hj257.w8', '1'),
(130, 'hj257.2.a72', 'hm19.g53', '1'),
(131, 'hm19.h4', 'hm101.h62', '1'),
(132, 'hm101.036', 'hm281.p69', '1'),
(133, 'hm281.p713', 'hn59.2.p56', '1'),
(134, 'hn59.2.r32', 'hn400.r3r4', '1'),
(135, 'hn400.s6c356', 'hq21.r37', '1'),
(136, 'hq21.i85', 'hq648.k3', '1'),
(137, 'hq649.r44', 'hq769.5.f67', '1'),
(138, 'hq770.4.b67', 'hq796.i46', '1'),
(139, 'hq769.j45', 'hq1121.s9', '1'),
(140, 'HQ1121.U5172007', 'HQ1240.S281996', '1'),
(141, 'HQ1240.W651988', 'HQ1631.G63131972', '1'),
(142, 'HQ1613.R25', 'HT147.5.B4', '1'),
(143, 'HT148.A2A341989', 'HT690.G7T7', '1'),
(144, 'HT690.J4B7', 'HV245.J61964', '1'),
(145, 'HV245.L71968', 'HV1626.C45', '1'),
(146, 'HV1626.F73', 'HV6028.H46', '1'),
(147, 'HV6028.I571983v.1', 'HV6568.N5G61974', '1'),
(148, 'HV6566.P5A65', 'HV8699.U5L962015', '1'),
(149, 'HV8699.U5M341999', 'HX84.S53K7', '1'),
(150, 'HX84.T47D87', 'J10.A1B87v.5', '1'),
(151, 'J10.D741975', 'JA4171.L4', '1'),
(152, 'JC1.A71996', 'JC423.D631992', '1'),
(153, 'JC423.F3552008', 'JF60.K6652010', '1'),
(154, 'JF60.L6', 'JK468.E7W36', '1'),
(155, 'JK468.I6A751975a', 'JK1764.A531978', '1'),
(156, 'JK1764.B441992', 'JK3551.L6', '1'),
(157, 'JK36251965.C6', 'JN2594.2.H692000', '1'),
(158, 'JN2594.2L2', 'JQ1874.B531978', '1'),
(159, 'JQ1875.A1A35', 'JV6465.H542014v.3', '1'),
(160, 'JV6465.I45952009', 'JX1952.E441968', '1'),
(161, 'JX1952.F25', 'K235.S851971', '1'),
(162, 'K237.C371970', 'KF228.U5S772002', '1'),
(163, 'KF228.U53M552004', 'KF1648.S741972', '1'),
(164, 'KF1649.A2A4191994v.1', 'KF4570.H63', '1'),
(165, 'KF4575.A75c.31968', 'KF8745.R87F472004', '1'),
(166, 'KF8745.S33B572009', 'KQ9000.N84A1H691954', '1'),
(167, 'KQ9000.S24A1G651967', 'LA227.2.H46', '1'),
(168, 'LA227.3.A339', 'LB628.H4', '1'),
(169, 'LB637.B7c.2', 'LB1033.B481983', '1'),
(170, 'LB1033.C2971996', 'LB1051.R687', '1'),
(171, 'LB1051.S27', 'LB1139.M6S621988', '1'),
(172, 'LB1139.P3A4v.1c.1', 'LB1584.H872000', '1'),
(173, 'LB1584.J28', 'LB2334.B94', '1'),
(174, 'LB2334.C3', 'LB2831.5.B46', '1'),
(175, 'LB2831.5.C33', 'LC66.V45', '1'),
(176, 'LC66.W352003', 'LC1034.L39', '1'),
(177, 'LC1034.M561980', 'LC4019.S431984', '1'),
(178, 'LC4019.S56', 'LC5131.C85', '1'),
(179, 'LC5131.D38', 'LV1011.R39', '1');

-- --------------------------------------------------------

--
-- Table structure for table `booklocations_f20`
--

CREATE TABLE IF NOT EXISTS `booklocations_f20` (
  `ShelfNo` int(10) NOT NULL,
  `First` varchar(20) CHARACTER SET utf8 COLLATE utf8_unicode_ci NOT NULL,
  `Last` varchar(20) CHARACTER SET utf8 COLLATE utf8_unicode_ci NOT NULL,
  `Map` varchar(10) CHARACTER SET utf8 COLLATE utf8_unicode_ci NOT NULL
) ENGINE=InnoDB DEFAULT CHARSET=latin1;

--
-- Dumping data for table `booklocations_f20`
--

INSERT INTO `booklocations_f20` (`ShelfNo`, `First`, `Last`, `Map`) VALUES
(1, 'AC1.G72', 'AZ999.M6', '1'),
(2, 'B72.F4', 'B131.D3v.5', '1'),
(3, 'B131.E2', 'B243.G66', '1'),
(4, 'B234.G881987', 'B801.H3', '1'),
(5, 'B801.L441968', 'B945.M2984M221970', '1'),
(6, 'B945.M461R4', 'B1646.H23P51968', '1'),
(7, 'B1646.H24V641984', 'B2779.S451974', '1'),
(8, 'B2779.S51962', 'B3998.W63', '1'),
(9, 'B3998.W651983', 'B5802.A89A971992', '1'),
(10, 'BD215.S881969', 'BD701.W36', '1'),
(11, 'BF108.U5A5', 'BF181.G31951', '1'),
(12, 'BF181.G31980', 'BF455.H6751965', '1'),
(13, 'BF455.I531992', 'BF692.R38', '1'),
(14, 'BF692.R4', 'BF721.R33', '1'),
(15, 'BF721.R34', 'BF1141.B681976', '1'),
(16, 'BF1141.C4731966', 'BJ1287.C631974', '1'),
(17, 'BJ1287.L83M33', 'BL80.2.H621960', '1'),
(18, 'BL80.2.H781975', 'BL1032.B4', '1'),
(19, 'BL1032.K51968', 'BL2370.S5E4131970', '1'),
(20, 'BL2370.S5E4132004', 'BL2790.M45D6', '1'),
(21, 'BP60.T341987', 'BP624.A462004', '1'),
(22, 'BR60.S41954', 'BR479.C551935', '1'),
(23, 'BR479.H575', 'BS192.2.A11964G3', '1'),
(24, 'BA192.2.A11964.G3v.3', 'BT28.I3411971', '1'),
(25, 'BT28.N47v.3', 'BV3785.G69F7', '1'),
(26, 'BV3785.G69M452009', 'BX1735.L451966v.2', '1'),
(27, 'BX1735.L451966v.3', 'BX5133.D6S4v.10c.2', '1'),
(28, 'BX5133.D6S441963', 'CB251.H79', '1'),
(29, 'CB251.H8', 'CT275.F68S91948', '1'),
(30, 'CT257.F7H31936', 'D16.7.I233v.3c.2', '1'),
(31, 'D16.7.I2331958v.1', 'D148.H3', '1'),
(32, 'D148.N682000', 'D568.5.M51970', '1'),
(33, 'D568.5.W6', 'D767.25.H6W3552004', '1'),
(34, 'D767.25.H6W362005', 'D810.J4L2813', '1'),
(35, 'D810.J4L355', 'DA30.B82v.2', '1'),
(36, 'DA30.C31929av.1', 'DA257.S5', '1'),
(37, 'DA258.R67', 'DA508.A5M31979', '1'),
(38, 'DA508.A6E4', 'DA670.N8S5', '1'),
(39, 'DA670.N813H861976b', 'DC38.G9v.2', '1'),
(40, 'DC38.G975', 'DC342.8.G3B79', '1'),
(41, 'MISSING', '', '1'),
(42, 'MISSING', '', '1'),
(43, 'MISSING', '', '1'),
(44, 'MISSING', '', '1'),
(45, 'MISSING', '', '1'),
(46, 'MISSING', '', '1'),
(47, 'MISSING', '', '1'),
(48, 'MISSING', '', '1'),
(49, 'MISSING', '', '1'),
(50, 'MISSING', '', '1'),
(51, 'MISSING', '', '1'),
(52, 'MISSING', '', '1'),
(53, 'MISSING', '', '1'),
(54, 'MISSING', '', '1'),
(55, 'MISSING', '', '1'),
(56, 'MISSING', '', '1'),
(57, 'MISSING', '', '1'),
(58, 'DS740.5.K6', 'DS779.2.C45', '1'),
(59, 'DS779.2.C46', 'DS895.I5', '1'),
(60, 'MISSING', '', '1'),
(61, 'MISSING', '', '1'),
(62, 'MISSING', '', '1'),
(63, 'DT455.P4713', 'DT755.R35', '1'),
(64, 'DT107.C5', 'DT433.L8A31959v.4', '1'),
(65, 'DT433.S7L8', 'DT541.62.R66', '1'),
(66, 'DT541.65.A6c.2', 'DT763.J41967', '1'),
(67, 'DT763.K231968', 'DT862.2.W54', '1'),
(68, 'DT864.B3', 'DU740.S341991', '1'),
(69, 'DU740.S373', 'E97.2.A4762001', '1'),
(70, 'E97.5.A351995', 'E99.Z9Z86', '1'),
(71, 'E101.B831955', 'E169.1.R631932', '1'),
(72, 'E169.1.R7755c.1', 'E176.B7981969', '1'),
(73, 'E176.B81931', 'E181.L64', '1'),
(74, 'E181.M63', 'E183.8.S65C751995', '1'),
(75, 'E183.8.S65D341985', 'E184.S75D3782003', '1'),
(76, 'E184.S75F432014', 'E185.625.Y682010', '1'),
(77, 'E185.63.B55v.1', 'E188.A49', '1'),
(78, 'E188.A572v.1', 'E263.N6N56v.3', '1'),
(79, 'E263.N6N56v.4', 'E302.1.D6', '1'),
(80, 'E302.1.E442007', 'E338.P42', '1'),
(81, 'E338.R382008', 'E449.E76', '1'),
(82, 'E449.F481972', 'E470.8.M46', '1'),
(83, 'E470.9.J661991', 'E697.C63', '1'),
(84, 'E697.M14v.1-2', 'E745.M3S261989', '1'),
(85, 'E745.M37C731990', 'E767.L64c.2', '1'),
(86, 'E767.L65v.1', 'E840.8.G5S742000', '1'),
(87, 'E840.8.G54A31999', 'F4.5.W752001', '1'),
(88, 'F5.D762', 'F128.E472002c.2', '1'),
(89, 'F128.1.K551971', 'F210.W43', '1'),
(90, 'F211.A94', 'F334.B69N4492001', '1'),
(91, 'F334.L55H462000', 'F592.D861997', '1'),
(92, 'F592.F2221966', 'F912.T64B661999', '1'),
(93, 'F912.Y9M3', 'F1221.P6F71966', '1'),
(94, 'F1221.S43C71971', 'F1416.S65M551989', '1'),
(95, 'F1416.S65R431983v.1', 'F1788.T53131990', '1'),
(96, 'F1788.T691990', 'F2687.P4', '1'),
(97, 'F2687.W542002v.1', 'G440.C6C61988', '1'),
(98, 'G440.F83', 'GC11.D88', '2'),
(99, 'GC11.G7513', 'GN24.F6', '2'),
(100, 'GN24.G6', 'GN475.8.G4', '2'),
(101, 'GN475.8.H3', 'GN805.B87', '2'),
(102, 'GN805.C51971', 'GT607.E221999', '2'),
(103, 'GT607.M23', 'GV445.B561994', '2'),
(104, 'GV445.C55', 'GV1132.K48N491995', '2'),
(105, 'GV1132.L6A84', 'H61.C67', '2'),
(106, 'H61.D53.2003', 'HB74.M3C6531960', '2'),
(107, 'HB74.M3F532', 'HB171.C591967', '2'),
(108, 'HB171.C9525', 'HB915.T87', '2'),
(109, 'HB915.W291987', 'HC79.E5B75952003', '2'),
(110, 'HC79.E5B7595', 'HC106.83.L5', '2'),
(111, 'HC106.83.M55', 'HC141.M36', '2'),
(112, 'HC141.N83', 'HC336.2.K513', '2'),
(113, 'HC336.2.M353', 'HC462.9.K793', '2'),
(114, 'HC462.9.L56', 'HD21.K451964c.2', '2'),
(115, 'HD21.N38', 'HD45.C4692003', '2'),
(116, 'HD45.D331992', 'HD74.P561984', '2'),
(117, 'HD75.A391990', 'HD17651983.k731983', '2'),
(118, 'HD1773.A2R87', 'HD4870.U6N361990', '2'),
(119, 'HD4871.F672009', 'HD6095.F691984', '2'),
(120, 'HD6095.G382014', 'HD7304.N6S71969', '2'),
(121, 'HD7304.P5R3', 'HD9066.M31.H5', '2'),
(122, 'HD9074.m7.m61967', 'HD9574.w54', '2'),
(123, 'HD9574.p92i8', 'hd9759.w4h5', '2'),
(124, 'hd9760.b83m391988', 'he9774.e4', '2'),
(125, 'he9774.s35.c31968', 'hf5011', '2'),
(126, 'HF5011.W26v.1', 'hf5548.2.B735', '2'),
(127, 'hf5548.2 c58131976', 'hf5813.u6f661984', '2'),
(128, 'hf5813.u6a155', 'hg3851.e38', '2'),
(129, 'hg3851.e38', 'hj257.w8', '2'),
(130, 'hj257.2.a72', 'hm19.g53', '2'),
(131, 'hm19.h4', 'hm101.h62', '2'),
(132, 'hm101.036', 'hm281.p69', '2'),
(133, 'hm281.p713', 'hn59.2.p56', '2'),
(134, 'hn59.2.r32', 'hn400.r3r4', '2'),
(135, 'hn400.s6c356', 'hq21.r37', '2'),
(136, 'hq21.i85', 'hq648.k3', '2'),
(137, 'hq649.r44', 'hq769.5.f67', '2'),
(138, 'hq770.4.b67', 'hq796.i46', '2'),
(139, 'hq769.j45', 'hq1121.s9', '2'),
(140, 'HQ1121.U5172007', 'HQ1240.S281996', '2'),
(141, 'HQ1240.W651988', 'HQ1631.G63131972', '2'),
(142, 'HQ1613.R25', 'HT147.5.B4', '2'),
(143, 'HT148.A2A341989', 'HT690.G7T7', '2'),
(144, 'HT690.J4B7', 'HV245.J61964', '2'),
(145, 'HV245.L71968', 'HV1626.C45', '2'),
(146, 'HV1626.F73', 'HV6028.H46', '2'),
(147, 'HV6028.I571983v.1', 'HV6568.N5G61974', '2'),
(148, 'HV6566.P5A65', 'HV8699.U5L962015', '2'),
(149, 'HV8699.U5M341999', 'HX84.S53K7', '2'),
(150, 'HX84.T47D87', 'J10.A1B87v.5', '2'),
(151, 'J10.D741975', 'JA4171.L4', '2'),
(152, 'JC1.A71996', 'JC423.D631992', '2'),
(153, 'JC423.F3552008', 'JF60.K6652010', '2'),
(154, 'JF60.L6', 'JK468.E7W36', '2'),
(155, 'JK468.I6A751975a', 'JK1764.A531978', '2'),
(156, 'JK1764.B441992', 'JK3551.L6', '2'),
(157, 'JK36251965.C6', 'JN2594.2.H692000', '2'),
(158, 'JN2594.2L2', 'JQ1874.B531978', '2'),
(159, 'JQ1875.A1A35', 'JV6465.H542014v.3', '2'),
(160, 'JV6465.I45952009', 'JX1952.E441968', '2'),
(161, 'JX1952.F25', 'K235.S851971', '2'),
(162, 'K237.C371970', 'KF228.U5S772002', '2'),
(163, 'KF228.U53M552004', 'KF1648.S741972', '2'),
(164, 'KF1649.A2A4191994v.1', 'KF4570.H63', '2'),
(165, 'KF4575.A75c.31968', 'KF8745.R87F472004', '2'),
(166, 'KF8745.S33B572009', 'KQ9000.N84A1H691954', '2'),
(167, 'KQ9000.S24A1G651967', 'LA227.2.H46', '2'),
(168, 'LA227.3.A339', 'LB628.H4', '2'),
(169, 'LB637.B7c.2', 'LB1033.B481983', '2'),
(170, 'LB1033.C2971996', 'LB1051.R687', '2'),
(171, 'LB1051.S27', 'LB1139.M6S621988', '2'),
(172, 'LB1139.P3A4v.1c.1', 'LB1584.H872000', '2'),
(173, 'LB1584.J28', 'LB2334.B94', '2'),
(174, 'LB2334.C3', 'LB2831.5.B46', '2'),
(175, 'LB2831.5.C33', 'LC66.V45', '2'),
(176, 'LC66.W352003', 'LC1034.L39', '2'),
(177, 'LC1034.M561980', 'LC4019.S431984', '2'),
(178, 'LC4019.S56', 'LC5131.C85', '2'),
(179, 'LC5131.D38', 'LV1011.R39', '2');

-- --------------------------------------------------------

--
-- Table structure for table `FeedBack`
--

CREATE TABLE IF NOT EXISTS `FeedBack` (
  `ID` int(10) NOT NULL,
  `CallNo` char(30) NOT NULL,
  `ShelfNo` int(10) NOT NULL,
  `Subject` varchar(50) NOT NULL,
  `Found` int(1) NOT NULL,
  `Time` datetime NOT NULL
) ENGINE=MyISAM AUTO_INCREMENT=241 DEFAULT CHARSET=latin1;

--
-- Dumping data for table `FeedBack`
--

INSERT INTO `FeedBack` (`ID`, `CallNo`, `ShelfNo`, `Subject`, `Found`, `Time`) VALUES
(1, 'GN346.A82015', 100, 'Anthropology', 1, '2017-04-12 00:31:04'),
(2, 'G1021.A75452015', 97, 'Geography', 1, '2017-04-12 00:31:35'),
(3, 'QA10.5.A152014', 0, 'Computer Science & Mathematics', 0, '2017-04-12 00:32:00'),
(4, 'SB191.R5R44342015', 0, 'Unknown', 0, '2017-04-12 00:32:20'),
(5, 'B1646.H24V642985', 7, 'Unknown', 0, '2017-04-12 00:32:43'),
(6, 'JC359.E46252014	', 152, 'Political Science', 1, '2017-04-12 00:32:50'),
(7, 'B1646.H24V641984', 7, 'Unknown', 0, '2017-04-12 00:33:21'),
(8, 'LB1576.S6262016', 172, 'Education', 1, '2017-04-12 00:33:44'),
(9, 'BD215.S882969', 24, 'Unknown', 0, '2017-04-12 00:33:45'),
(10, 'GN409.S382017', 100, 'Anthropology', 1, '2017-04-12 00:34:04'),
(11, 'NX180.S6T492017', 0, 'Arts, Fine Arts', 0, '2017-04-12 00:34:22'),
(12, 'ML3534.3.M42017', 0, 'Music', 0, '2017-04-12 00:34:47'),
(13, 'PS141.F762017', 0, 'English/Language/Literature', 0, '2017-04-12 00:35:36'),
(14, 'PN1992.77.G5762017', 0, 'English/Language/Literature', 0, '2017-04-12 00:35:57'),
(15, 'ML420.W55R532016', 0, 'Music', 0, '2017-04-12 00:36:53'),
(16, 'HD30.28.M38392017', 118, 'Unknown', 1, '2017-04-12 00:37:09'),
(17, 'HM821.S2352017', 133, 'Sociology', 1, '2017-04-12 00:38:45'),
(18, 'E457.45.C662017', 82, 'History', 1, '2017-04-12 00:38:56'),
(19, 'JC423.B78342016', 152, 'Political Science', 1, '2017-04-12 00:39:14'),
(20, 'DS63.2.U5B3142016', 0, 'History', 0, '2017-04-12 00:39:27'),
(21, 'PS1097.Z5C652016', 0, 'English/Language/Literature', 0, '2017-04-12 00:39:40'),
(22, 'PS3535.I436Z652016', 0, 'English/Language/Literature', 0, '2017-04-12 00:44:31'),
(23, 'PZ7.5.F76App2016', 0, 'English/Language/Literature', 0, '2017-04-12 00:44:47'),
(24, 'PZ7.5.F76App2016', 0, 'English/Language/Literature', 0, '2017-04-12 00:45:18'),
(25, 'LA2317.B555A32016', 168, 'Education', 1, '2017-04-12 00:45:50'),
(26, 'E183.8.C5P582016', 74, 'History', 1, '2017-04-12 00:46:07'),
(27, 'PN6120.2.B472017', 0, 'English/Language/Literature', 0, '2017-04-12 00:46:21'),
(28, 'ML418.M45G332016', 0, 'Music', 0, '2017-04-12 00:46:35'),
(29, 'E99.O3J332016', 87, 'History', 1, '2017-04-12 00:46:54'),
(30, 'ML3531.L442016', 0, 'Music', 0, '2017-04-12 00:47:09'),
(31, 'PS3563.C3694B752016', 0, 'English/Language/Literature', 0, '2017-04-12 00:47:23'),
(32, 'GA1241.C372016', 98, 'Geography', 1, '2017-04-12 00:47:36'),
(33, 'HM851.I5492016', 133, 'Sociology', 1, '2017-04-12 00:47:52'),
(34, 'HQ63.B872016', 142, 'Sociology', 1, '2017-04-12 00:48:06'),
(35, 'P95.8.C48582016', 0, 'English/Language/Literature', 0, '2017-04-12 00:48:21'),
(36, 'P95.8.C48582016', 0, 'English/Language/Literature', 0, '2017-04-12 00:48:37'),
(37, 'HT1575.C662016', 143, 'Sociology', 1, '2017-04-12 00:49:10'),
(38, 'BX1795.H82S332016', 27, 'Religion', 1, '2017-04-12 00:49:25'),
(39, 'GN406.C7252016', 100, 'Anthropology', 1, '2017-04-12 00:49:42'),
(40, 'K3264.C65J662016', 162, 'Unknown', 1, '2017-04-12 00:50:24'),
(41, 'AC1.G72', 1, 'Unknown', 1, '2017-04-12 00:54:55'),
(42, 'F1418.L432016', 95, 'History', 0, '0000-00-00 00:00:00'),
(43, 'BF561.B3372017', 24, 'Psychology', 1, '2017-04-12 00:58:07'),
(44, 'HM851.A4372017', 133, 'Sociology', 1, '2017-04-12 00:58:53'),
(45, 'AC1.G72', 1, 'Unknown', 1, '2017-04-12 00:59:15'),
(46, 'GV1132.K48N491995', 103, 'Unknown', 1, '2017-04-12 00:59:25'),
(47, 'GV1132.K48N491995', 103, 'Unknown', 1, '2017-04-12 01:00:05'),
(48, 'R655.E5552016', 0, 'Unknown', 0, '2017-04-12 01:00:17'),
(49, 'NK1520.H4342016', 0, 'Arts, Fine Arts', 0, '2017-04-12 01:00:28'),
(50, 'BD215.S881969', 24, 'Unknown', 0, '2017-04-12 01:00:33'),
(51, 'QH367.C532016', 0, 'Biology', 0, '2017-04-12 01:00:38'),
(52, 'BD215.S881969', 24, 'Unknown', 0, '2017-04-12 01:00:39'),
(53, 'JF60.L6', 154, 'Political Science', 1, '2017-04-12 01:00:50'),
(54, 'QL544.G362016', 0, 'Biology', 0, '2017-04-12 01:01:01'),
(55, 'LB1731.T41852016', 173, 'Education', 1, '2017-04-12 01:01:10'),
(56, 'RC435.2.R652015', 0, 'Unknown', 0, '2017-04-12 01:01:20'),
(57, 'JK516.V382015', 157, 'Political Science', 1, '2017-04-12 01:01:32'),
(58, 'KF2996.C852015', 164, 'Unknown', 1, '2017-04-12 01:01:44'),
(59, 'RC533.B442016', 0, 'Unknown', 0, '2017-04-12 01:02:31'),
(60, 'HD2741.C4522016', 118, 'Unknown', 1, '2017-04-12 01:02:42'),
(61, 'LB1028.75.K342016', 168, 'Education', 1, '2017-04-12 01:02:52'),
(62, 'GV1469.34.P79M332016', 105, 'Unknown', 1, '2017-04-12 01:03:10'),
(63, 'NX456.S8752015', 0, 'Arts, Fine Arts', 0, '2017-04-12 01:03:22'),
(64, 'N7433.8.P382015', 0, 'Arts, Fine Arts', 0, '2017-04-12 01:03:32'),
(65, 'PN1995.9.V46F552015', 0, 'English/Language/Literature', 0, '2017-04-12 01:03:44'),
(66, 'GV1469.17.S63B352013', 105, 'Unknown', 1, '2017-04-12 01:03:53'),
(67, 'TK5105.875.I57B68201', 0, 'Engineering', 0, '2017-04-12 01:04:02'),
(68, 'HM851.P795.2013', 133, 'Sociology', 1, '2017-04-12 01:04:12'),
(69, 'QA76.76.C672R6362012', 0, 'Computer Science & Mathematics', 0, '2017-04-12 01:04:24'),
(70, 'DS706.C511382016', 0, 'History', 0, '2017-04-12 01:04:35'),
(71, 'HC412.A74292016', 113, 'Economics', 1, '2017-04-12 01:05:12'),
(72, 'GN345.5.D872016', 100, 'Anthropology', 1, '2017-04-12 01:05:21'),
(73, 'GN487.C752016', 101, 'Anthropology', 1, '2017-04-12 01:05:30'),
(74, 'ML3502.K6F842016', 0, 'Music', 0, '2017-04-12 01:05:40'),
(75, 'GN346.E452016', 100, 'Anthropology', 1, '2017-04-12 01:05:53'),
(76, 'NK7306.T332017', 0, 'Arts, Fine Arts', 0, '2017-04-12 01:06:03'),
(77, 'NX456.R641973', 0, 'Arts, Fine Arts', 0, '2017-04-12 01:06:14'),
(78, 'QP483.K472016', 0, 'Biology', 0, '2017-04-12 01:06:28'),
(79, 'QH438.5.L632016', 0, 'Biology', 0, '2017-04-12 01:06:39'),
(80, 'QH506.G642016', 0, 'Biology', 0, '2017-04-12 01:06:50'),
(81, 'QL775.A5382015', 0, 'Biology', 0, '2017-04-12 01:07:00'),
(82, 'QH437.Y362016', 0, 'Biology', 0, '2017-04-12 01:07:14'),
(83, 'HF5811.W822016', 127, 'Business', 1, '2017-04-12 01:07:25'),
(84, 'HM851.A4372017', 133, 'Sociology', 1, '2017-04-12 01:07:34'),
(85, 'QD452.B642016', 0, 'Chemistry', 0, '2017-04-12 01:07:45'),
(86, 'QD11.L5582016', 0, 'Chemistry', 0, '2017-04-12 01:08:01'),
(87, 'P94.C772016', 0, 'English/Language/Literature', 0, '2017-04-12 01:08:17'),
(88, 'P95.82.A65B852016', 0, 'English/Language/Literature', 0, '2017-04-12 01:08:35'),
(89, 'P94.5.A752U6562016', 0, 'English/Language/Literature', 0, '2017-04-12 01:08:45'),
(90, 'RC553.A88A7892014', 0, 'Unknown', 0, '2017-04-12 01:09:00'),
(91, 'RC488.5.I58752015', 0, 'Unknown', 0, '2017-04-12 01:09:19'),
(92, 'RC553.A88D672016', 0, 'Unknown', 0, '2017-04-12 01:09:32'),
(93, 'RC423.C852016', 0, 'Communication Disorders', 0, '2017-04-12 01:09:40'),
(94, 'QA76.17.H492015', 0, 'Computer Science & Mathematics', 0, '2017-04-12 01:09:49'),
(95, 'QA276.15S7542016', 0, 'Computer Science & Mathematics', 0, '2017-04-12 01:10:02'),
(96, 'QA76.9.M65K592016', 0, 'Computer Science & Mathematics', 0, '2017-04-12 01:10:10'),
(97, 'QA612.24.M392016', 0, 'Computer Science & Mathematics', 0, '2017-04-12 01:10:23'),
(98, 'QA93.C6272016', 0, 'Computer Science & Mathematics', 0, '2017-04-12 01:10:32'),
(99, 'LC5251.H387', 179, 'Education', 1, '2017-04-12 01:10:45'),
(100, 'TK5105.888.S491552016', 0, 'Engineering', 0, '2017-04-12 01:10:54'),
(101, 'GB440.S6L362015', 98, 'Geography', 1, '2017-04-12 01:11:04'),
(102, 'G860.L3862016', 98, 'Geography', 1, '2017-04-12 01:11:14'),
(103, 'GF3.E5', 99, 'Geography', 1, '2017-04-12 01:11:23'),
(104, 'QE181.D452016', 0, 'Geology', 0, '2017-04-12 01:11:32'),
(105, 'QE653.5.B452016', 0, 'Geology', 0, '2017-04-12 01:11:42'),
(106, 'QE515.H542015', 0, 'Geology', 0, '2017-04-12 01:11:52'),
(107, 'RT1.I67821967', 0, 'Nursing', 0, '2017-04-12 01:12:01'),
(108, 'RT1.F53', 0, 'Nursing', 0, '2017-04-12 01:12:12'),
(109, 'QC32.C752016', 0, 'Physics', 0, '2017-04-12 01:12:21'),
(110, 'BF724.3.B55R532016', 24, 'Psychology', 1, '2017-04-12 01:12:30'),
(111, 'BF721.W672016', 24, 'Psychology', 1, '2017-04-12 01:12:39'),
(112, 'BL2525.R252016', 24, 'Religion', 1, '2017-04-12 01:12:49'),
(113, 'BL439.A452016', 24, 'Religion', 1, '2017-04-12 01:12:58'),
(114, 'PN2055.B772015', 0, 'Theatre Arts', 0, '2017-04-12 01:13:09'),
(115, 'PN2061.C57552016', 0, 'Theatre Arts', 0, '2017-04-12 01:13:18'),
(116, 'PN2061.C57552016', 0, 'Theatre Arts', 0, '2017-04-12 01:14:01'),
(117, '', 0, 'Unknown', 0, '2017-04-12 03:05:10'),
(118, 'AC1.G72', 1, 'Unknown', 1, '2017-04-12 10:53:48'),
(154, 'QA268.M6552003', 0, 'Computer Science & Mathematics', 0, '2017-04-12 15:34:10'),
(153, 'HM786.E872004', 133, 'Sociology', 1, '2017-04-12 15:32:23'),
(151, 'BF637.N66N492005', 24, 'Psychology', 1, '2017-04-12 15:20:51'),
(152, 'BF198.7.M662004', 24, 'Psychology', 1, '2017-04-12 15:23:11'),
(150, 'QA76.9.A25M672005', 0, 'Computer Science & Mathematics', 0, '2017-04-12 15:19:41'),
(149, 'QA184.2.H362007', 0, 'Computer Science & Mathematics', 0, '2017-04-12 15:13:47'),
(148, 'QA76.758.J342008', 0, 'Computer Science & Mathematics', 0, '2017-04-12 15:11:23'),
(141, 'QA9.6.W432012', 0, 'Computer Science & Mathematics', 0, '2017-04-12 15:00:06'),
(147, 'HQ759.C72452010', 142, 'Sociology', 1, '2017-04-12 15:09:17'),
(146, 'JK1161.L4282009', 154, 'Political Science', 1, '2017-04-12 15:08:33'),
(145, 'QH325.A8952010', 0, 'Biology', 0, '2017-04-12 15:05:23'),
(144, 'QA279.5.M4152011', 0, 'Computer Science & Mathematics', 0, '2017-04-12 15:03:19'),
(143, 'QA76.889.R542011', 0, 'Computer Science & Mathematics', 0, '2017-04-12 15:02:21'),
(142, 'BF241.S772012', 24, 'Psychology', 1, '2017-04-12 15:01:20'),
(140, 'HD8039.D37C652013', 121, 'Unknown', 1, '2017-04-12 14:56:47'),
(139, 'HV2430.S662013', 146, 'Sociology', 1, '2017-04-12 14:53:02'),
(138, 'PN6381.S42013', 0, 'English/Language/Literature', 0, '2017-04-12 14:42:20'),
(137, 'PN6381.S42013', 0, 'English/Language/Literature', 0, '2017-04-12 14:39:01'),
(136, 'PN6381.S42013', 0, 'English/Language/Literature', 0, '2017-04-12 14:37:42'),
(135, 'QA76.76.H85F862014', 0, 'Computer Science & Mathematics', 0, '2017-04-12 14:34:53'),
(134, 'QH447.C372015', 0, 'Biology', 0, '2017-04-12 14:34:07'),
(133, 'BL2525.A56352014', 24, 'Religion', 1, '2017-04-12 14:31:20'),
(132, 'TK7881.4.R8582014', 0, 'Engineering', 0, '2017-04-12 14:29:54'),
(131, 'ML3790.W592015', 0, 'Music', 0, '2017-04-12 14:25:12'),
(130, 'N7433.94.S932016', 0, 'Arts, Fine Arts', 0, '2017-04-12 14:23:16'),
(129, 'N7433.94.S932016', 0, 'Arts, Fine Arts', 0, '2017-04-12 14:08:39'),
(128, 'GN346.A82015', 100, 'Anthropology', 1, '2017-04-12 13:57:13'),
(127, 'Z4.C382014', 0, 'Unknown', 0, '2017-04-12 13:52:46'),
(126, 'QE22.I35I432015', 0, 'Geology', 0, '2017-04-12 13:49:15'),
(125, 'QE22.I35I432015', 0, 'Geology', 0, '2017-04-12 13:48:12'),
(124, 'G1021.A75452015', 97, 'Geography', 1, '2017-04-12 13:44:30'),
(123, 'G1021.A75452015', 97, 'Geography', 1, '2017-04-12 13:42:15'),
(122, 'QE22.I35I432015', 0, 'Geology', 0, '2017-04-12 13:41:05'),
(121, 'QA10.5.A152014', 0, 'Computer Science & Mathematics', 0, '2017-04-12 13:39:07'),
(120, 'SB191.R5R44342015', 0, 'Unknown', 0, '2017-04-12 13:32:41'),
(119, 'QE22.I35I432015', 0, 'Geology', 0, '2017-04-12 13:31:29'),
(155, 'DS63.2.U5B3142016', 0, 'History', 0, '2017-04-12 15:39:37'),
(156, 'P115.3.S6262016', 0, 'English/Language/Literature', 0, '2017-04-12 15:49:34'),
(157, 'AZ183.U5S562013', 1, 'Unknown', 1, '2017-04-12 15:53:10'),
(158, 'AZ183.U5S562013', 1, 'Unknown', 1, '2017-04-12 15:53:55'),
(159, 'ML3920.T542012', 0, 'Music', 0, '2017-04-12 15:56:30'),
(160, 'PN1995.9.H34C8582016', 0, 'English/Language/Literature', 0, '2017-04-12 15:57:11'),
(161, 'HD2741.C4522016', 118, 'Unknown', 1, '2017-04-12 15:57:49'),
(162, 'AZ183.U5S562013', 1, 'Unknown', 1, '2017-04-12 16:06:12'),
(163, 'GN346.A82015', 100, 'Anthropology', 1, '2017-04-12 16:12:13'),
(164, 'TK5105.888.S491552016', 0, 'Engineering', 0, '2017-04-12 16:13:46'),
(165, 'LC5251.H387', 179, 'Education', 1, '2017-04-12 22:16:08'),
(166, 'HV6025 .A358 2016', 146, 'Sociology', 1, '2017-04-12 22:34:57'),
(167, 'CB354.6 .T84 2017', 29, 'Unknown', 1, '2017-04-12 23:20:54'),
(169, 'GSHDGFHD', 102, 'Unknown', 1, '2017-04-12 23:24:50'),
(168, 'TESTING123', 0, 'Unknown', 0, '2017-04-12 23:21:42'),
(170, 'AC1.G72', 1, 'Unknown', 1, '2017-04-12 23:27:51'),
(171, 'DS779.36 .C47 2016', 59, 'History', 1, '2017-04-12 23:32:29'),
(172, 'HD4870.U6N361990', 118, 'Unknown', 1, '2017-04-12 23:33:51'),
(173, 'DS779.36 .C47 2016', 59, 'History', 1, '2017-04-12 23:34:34'),
(174, 'HV1626.F73', 146, 'Sociology', 1, '2017-04-12 23:37:01'),
(175, 'BL1032.B4', 24, 'Religion', 1, '2017-04-12 23:43:23'),
(176, 'BL1032.B4', 24, 'Religion', 1, '2017-04-12 23:43:26'),
(177, 'BT28.N47v.3', 25, 'Religion', 1, '2017-04-12 23:44:07'),
(178, 'AZ999.M6', 1, 'Unknown', 1, '2017-04-12 23:46:06'),
(179, 'HD9574.w54', 123, 'Unknown', 1, '2017-04-12 23:46:24'),
(180, 'GN346.A82015', 100, 'Anthropology', 1, '2017-04-12 23:48:16'),
(181, 'GN346.A82015', 100, 'Anthropology', 1, '2017-04-12 23:48:57'),
(182, 'GN346.A82015', 100, 'Anthropology', 1, '2017-04-12 23:50:04'),
(183, 'HF5011', 125, 'Business', 1, '2017-04-12 23:51:18'),
(184, 'BC', 24, 'Unknown', 1, '2017-04-12 23:52:03'),
(185, 'ca', 28, 'Unknown', 1, '2017-04-12 23:52:58'),
(186, 'ca3', 28, 'Unknown', 1, '2017-04-12 23:53:33'),
(187, 'ca1', 28, 'Unknown', 1, '2017-04-12 23:54:28'),
(188, 'ca1', 28, 'Unknown', 1, '2017-04-12 23:55:08'),
(189, 'gsghfdfd', 102, 'Unknown', 1, '2017-04-12 23:55:39'),
(190, 'ca6', 28, 'Unknown', 1, '2017-04-13 00:02:41'),
(191, 'DT455.P4713', 65, 'History', 1, '2017-04-13 00:03:54'),
(192, 'DT455.P4713', 65, 'History', 1, '2017-04-13 00:05:06'),
(193, 'E169.1.R7755c.1', 72, 'History', 1, '2017-04-13 00:05:58'),
(194, 'ac452', 1, 'Unknown', 1, '2017-04-13 00:13:54'),
(195, 'F819.G36 C65 2015', 97, 'History', 1, '2017-04-13 00:44:26'),
(196, 'HD6053 .A56 2014', 119, 'Unknown', 1, '2017-04-13 00:45:40'),
(198, 'N6537.W28 A4 2013', 0, 'Arts, Fine Arts', 0, '2017-04-13 01:09:05'),
(197, 'AC343', 1, 'Unknown', 1, '2017-04-13 00:50:00'),
(199, 'LC213 .I584 2012', 177, 'Education', 1, '2017-04-13 01:11:28'),
(202, 'DA30.B82v.2', 37, 'History', 1, '2017-04-13 01:29:11'),
(200, 'PZ7.5.S54 Ke 2008', 0, 'English/Language/Literature', 0, '2017-04-13 01:14:00'),
(201, 'CT275.F68S91948', 30, 'Unknown', 1, '2017-04-13 01:27:11'),
(203, 'DS832.7.K6 K5525 2005', 59, 'History', 1, '2017-04-13 01:29:25'),
(204, 'Gsgsggs', 102, 'Unknown', 1, '2017-04-13 01:32:37'),
(205, 'QL951 .C8', 0, 'Biology', 0, '2017-04-13 01:35:11'),
(211, 'test', 0, 'Unknown', 0, '2017-04-13 01:46:36'),
(207, 'Ac353', 1, 'Unknown', 1, '2017-04-13 01:42:44'),
(206, 'Q175.5 .P74 2005', 0, 'Unknown', 0, '2017-04-13 01:37:14'),
(209, 'Ac353', 1, 'Unknown', 1, '2017-04-13 01:42:53'),
(208, 'Ac353', 1, 'Unknown', 1, '2017-04-13 01:42:52'),
(210, 'test', 0, 'Unknown', 0, '2017-04-13 01:43:56'),
(212, 'CA123.45', 28, 'Unknown', 1, '2017-04-13 01:47:34'),
(214, 'HQ1180 .B685 2006', 140, 'Sociology', 1, '2017-04-13 01:58:28'),
(213, 'Q175.5 .P74 2005', 0, 'Unknown', 0, '2017-04-13 01:54:32'),
(215, 'DS832.7.K6 K5525 2005', 59, 'History', 1, '2017-04-13 02:02:55'),
(217, 'testing', 0, 'Unknown', 0, '2017-04-13 02:46:34'),
(216, 'test', 0, 'Unknown', 0, '2017-04-13 02:05:40'),
(219, '123', 0, 'Unknown', 0, '2017-04-13 03:24:50'),
(218, 'test', 0, 'Unknown', 0, '2017-04-13 02:51:08'),
(221, '2345', 0, 'Unknown', 0, '2017-04-13 03:30:07'),
(220, 'resdfgh', 0, 'Unknown', 0, '2017-04-13 03:29:38'),
(224, 'tfghhjk67', 0, 'Unknown', 0, '2017-04-13 03:53:12'),
(222, 'fgk', 97, 'History', 1, '2017-04-13 03:36:20'),
(229, 'ghj6789', 99, 'Unknown', 1, '2017-04-13 04:02:12'),
(223, 'testingw', 0, 'Unknown', 0, '2017-04-13 03:40:38'),
(225, 'yiyi', 0, 'Unknown', 0, '2017-04-13 03:55:35'),
(226, 'cg', 29, 'Unknown', 1, '2017-04-13 03:57:40'),
(227, 'bn', 24, 'Religion', 1, '2017-04-13 03:59:41'),
(228, 'bk', 24, 'Unknown', 1, '2017-04-13 04:01:31'),
(231, 'ghj6789', 99, 'Unknown', 1, '2017-04-13 04:03:08'),
(230, 'ghj6789', 99, 'Unknown', 1, '2017-04-13 04:03:01'),
(233, 'ghj6789gjhk', 99, 'Unknown', 1, '2017-04-13 04:06:07'),
(232, 'ghj6789', 99, 'Unknown', 1, '2017-04-13 04:03:20'),
(235, 'Gshdhdhhdd', 102, 'Unknown', 1, '2017-04-13 16:22:07'),
(234, 'QW235.t7', 0, 'Unknown', 0, '2017-04-13 10:57:38'),
(239, 'AC23.12', 1, 'Unknown', 1, '2017-04-14 17:48:35'),
(237, 'B131.D3v.5', 0, 'Unknown', 0, '2017-04-13 18:41:01'),
(236, 'AZ999.M6', 1, 'Unknown', 0, '2017-04-13 18:40:38'),
(238, 'B243.G66', 7, 'Unknown', 1, '2017-04-13 18:41:44'),
(240, '1', 0, 'Unknown', 0, '2020-10-04 21:53:19');

-- --------------------------------------------------------

--
-- Table structure for table `FeedBack_f20`
--

CREATE TABLE IF NOT EXISTS `FeedBack_f20` (
  `ID` int(10) NOT NULL,
  `CallNo` char(30) NOT NULL,
  `ShelfNo` int(10) NOT NULL,
  `Subject` varchar(50) NOT NULL,
  `Found` int(1) NOT NULL,
  `Time` datetime NOT NULL
) ENGINE=MyISAM AUTO_INCREMENT=241 DEFAULT CHARSET=latin1;

--
-- Dumping data for table `FeedBack_f20`
--

INSERT INTO `FeedBack_f20` (`ID`, `CallNo`, `ShelfNo`, `Subject`, `Found`, `Time`) VALUES
(1, 'GN346.A82015', 100, 'Anthropology', 1, '2017-04-12 00:31:04'),
(2, 'G1021.A75452015', 97, 'Geography', 1, '2017-04-12 00:31:35'),
(3, 'QA10.5.A152014', 0, 'Computer Science & Mathematics', 0, '2017-04-12 00:32:00'),
(4, 'SB191.R5R44342015', 0, 'Unknown', 0, '2017-04-12 00:32:20'),
(5, 'B1646.H24V642985', 7, 'Unknown', 0, '2017-04-12 00:32:43'),
(6, 'JC359.E46252014	', 152, 'Political Science', 1, '2017-04-12 00:32:50'),
(7, 'B1646.H24V641984', 7, 'Unknown', 0, '2017-04-12 00:33:21'),
(8, 'LB1576.S6262016', 172, 'Education', 1, '2017-04-12 00:33:44'),
(9, 'BD215.S882969', 24, 'Unknown', 0, '2017-04-12 00:33:45'),
(10, 'GN409.S382017', 100, 'Anthropology', 1, '2017-04-12 00:34:04'),
(11, 'NX180.S6T492017', 0, 'Arts, Fine Arts', 0, '2017-04-12 00:34:22'),
(12, 'ML3534.3.M42017', 0, 'Music', 0, '2017-04-12 00:34:47'),
(13, 'PS141.F762017', 0, 'English/Language/Literature', 0, '2017-04-12 00:35:36'),
(14, 'PN1992.77.G5762017', 0, 'English/Language/Literature', 0, '2017-04-12 00:35:57'),
(15, 'ML420.W55R532016', 0, 'Music', 0, '2017-04-12 00:36:53'),
(16, 'HD30.28.M38392017', 118, 'Unknown', 1, '2017-04-12 00:37:09'),
(17, 'HM821.S2352017', 133, 'Sociology', 1, '2017-04-12 00:38:45'),
(18, 'E457.45.C662017', 82, 'History', 1, '2017-04-12 00:38:56'),
(19, 'JC423.B78342016', 152, 'Political Science', 1, '2017-04-12 00:39:14'),
(20, 'DS63.2.U5B3142016', 0, 'History', 0, '2017-04-12 00:39:27'),
(21, 'PS1097.Z5C652016', 0, 'English/Language/Literature', 0, '2017-04-12 00:39:40'),
(22, 'PS3535.I436Z652016', 0, 'English/Language/Literature', 0, '2017-04-12 00:44:31'),
(23, 'PZ7.5.F76App2016', 0, 'English/Language/Literature', 0, '2017-04-12 00:44:47'),
(24, 'PZ7.5.F76App2016', 0, 'English/Language/Literature', 0, '2017-04-12 00:45:18'),
(25, 'LA2317.B555A32016', 168, 'Education', 1, '2017-04-12 00:45:50'),
(26, 'E183.8.C5P582016', 74, 'History', 1, '2017-04-12 00:46:07'),
(27, 'PN6120.2.B472017', 0, 'English/Language/Literature', 0, '2017-04-12 00:46:21'),
(28, 'ML418.M45G332016', 0, 'Music', 0, '2017-04-12 00:46:35'),
(29, 'E99.O3J332016', 87, 'History', 1, '2017-04-12 00:46:54'),
(30, 'ML3531.L442016', 0, 'Music', 0, '2017-04-12 00:47:09'),
(31, 'PS3563.C3694B752016', 0, 'English/Language/Literature', 0, '2017-04-12 00:47:23'),
(32, 'GA1241.C372016', 98, 'Geography', 1, '2017-04-12 00:47:36'),
(33, 'HM851.I5492016', 133, 'Sociology', 1, '2017-04-12 00:47:52'),
(34, 'HQ63.B872016', 142, 'Sociology', 1, '2017-04-12 00:48:06'),
(35, 'P95.8.C48582016', 0, 'English/Language/Literature', 0, '2017-04-12 00:48:21'),
(36, 'P95.8.C48582016', 0, 'English/Language/Literature', 0, '2017-04-12 00:48:37'),
(37, 'HT1575.C662016', 143, 'Sociology', 1, '2017-04-12 00:49:10'),
(38, 'BX1795.H82S332016', 27, 'Religion', 1, '2017-04-12 00:49:25'),
(39, 'GN406.C7252016', 100, 'Anthropology', 1, '2017-04-12 00:49:42'),
(40, 'K3264.C65J662016', 162, 'Unknown', 1, '2017-04-12 00:50:24'),
(41, 'AC1.G72', 1, 'Unknown', 1, '2017-04-12 00:54:55'),
(42, 'F1418.L432016', 95, 'History', 0, '0000-00-00 00:00:00'),
(43, 'BF561.B3372017', 24, 'Psychology', 1, '2017-04-12 00:58:07'),
(44, 'HM851.A4372017', 133, 'Sociology', 1, '2017-04-12 00:58:53'),
(45, 'AC1.G72', 1, 'Unknown', 1, '2017-04-12 00:59:15'),
(46, 'GV1132.K48N491995', 103, 'Unknown', 1, '2017-04-12 00:59:25'),
(47, 'GV1132.K48N491995', 103, 'Unknown', 1, '2017-04-12 01:00:05'),
(48, 'R655.E5552016', 0, 'Unknown', 0, '2017-04-12 01:00:17'),
(49, 'NK1520.H4342016', 0, 'Arts, Fine Arts', 0, '2017-04-12 01:00:28'),
(50, 'BD215.S881969', 24, 'Unknown', 0, '2017-04-12 01:00:33'),
(51, 'QH367.C532016', 0, 'Biology', 0, '2017-04-12 01:00:38'),
(52, 'BD215.S881969', 24, 'Unknown', 0, '2017-04-12 01:00:39'),
(53, 'JF60.L6', 154, 'Political Science', 1, '2017-04-12 01:00:50'),
(54, 'QL544.G362016', 0, 'Biology', 0, '2017-04-12 01:01:01'),
(55, 'LB1731.T41852016', 173, 'Education', 1, '2017-04-12 01:01:10'),
(56, 'RC435.2.R652015', 0, 'Unknown', 0, '2017-04-12 01:01:20'),
(57, 'JK516.V382015', 157, 'Political Science', 1, '2017-04-12 01:01:32'),
(58, 'KF2996.C852015', 164, 'Unknown', 1, '2017-04-12 01:01:44'),
(59, 'RC533.B442016', 0, 'Unknown', 0, '2017-04-12 01:02:31'),
(60, 'HD2741.C4522016', 118, 'Unknown', 1, '2017-04-12 01:02:42'),
(61, 'LB1028.75.K342016', 168, 'Education', 1, '2017-04-12 01:02:52'),
(62, 'GV1469.34.P79M332016', 105, 'Unknown', 1, '2017-04-12 01:03:10'),
(63, 'NX456.S8752015', 0, 'Arts, Fine Arts', 0, '2017-04-12 01:03:22'),
(64, 'N7433.8.P382015', 0, 'Arts, Fine Arts', 0, '2017-04-12 01:03:32'),
(65, 'PN1995.9.V46F552015', 0, 'English/Language/Literature', 0, '2017-04-12 01:03:44'),
(66, 'GV1469.17.S63B352013', 105, 'Unknown', 1, '2017-04-12 01:03:53'),
(67, 'TK5105.875.I57B68201', 0, 'Engineering', 0, '2017-04-12 01:04:02'),
(68, 'HM851.P795.2013', 133, 'Sociology', 1, '2017-04-12 01:04:12'),
(69, 'QA76.76.C672R6362012', 0, 'Computer Science & Mathematics', 0, '2017-04-12 01:04:24'),
(70, 'DS706.C511382016', 0, 'History', 0, '2017-04-12 01:04:35'),
(71, 'HC412.A74292016', 113, 'Economics', 1, '2017-04-12 01:05:12'),
(72, 'GN345.5.D872016', 100, 'Anthropology', 1, '2017-04-12 01:05:21'),
(73, 'GN487.C752016', 101, 'Anthropology', 1, '2017-04-12 01:05:30'),
(74, 'ML3502.K6F842016', 0, 'Music', 0, '2017-04-12 01:05:40'),
(75, 'GN346.E452016', 100, 'Anthropology', 1, '2017-04-12 01:05:53'),
(76, 'NK7306.T332017', 0, 'Arts, Fine Arts', 0, '2017-04-12 01:06:03'),
(77, 'NX456.R641973', 0, 'Arts, Fine Arts', 0, '2017-04-12 01:06:14'),
(78, 'QP483.K472016', 0, 'Biology', 0, '2017-04-12 01:06:28'),
(79, 'QH438.5.L632016', 0, 'Biology', 0, '2017-04-12 01:06:39'),
(80, 'QH506.G642016', 0, 'Biology', 0, '2017-04-12 01:06:50'),
(81, 'QL775.A5382015', 0, 'Biology', 0, '2017-04-12 01:07:00'),
(82, 'QH437.Y362016', 0, 'Biology', 0, '2017-04-12 01:07:14'),
(83, 'HF5811.W822016', 127, 'Business', 1, '2017-04-12 01:07:25'),
(84, 'HM851.A4372017', 133, 'Sociology', 1, '2017-04-12 01:07:34'),
(85, 'QD452.B642016', 0, 'Chemistry', 0, '2017-04-12 01:07:45'),
(86, 'QD11.L5582016', 0, 'Chemistry', 0, '2017-04-12 01:08:01'),
(87, 'P94.C772016', 0, 'English/Language/Literature', 0, '2017-04-12 01:08:17'),
(88, 'P95.82.A65B852016', 0, 'English/Language/Literature', 0, '2017-04-12 01:08:35'),
(89, 'P94.5.A752U6562016', 0, 'English/Language/Literature', 0, '2017-04-12 01:08:45'),
(90, 'RC553.A88A7892014', 0, 'Unknown', 0, '2017-04-12 01:09:00'),
(91, 'RC488.5.I58752015', 0, 'Unknown', 0, '2017-04-12 01:09:19'),
(92, 'RC553.A88D672016', 0, 'Unknown', 0, '2017-04-12 01:09:32'),
(93, 'RC423.C852016', 0, 'Communication Disorders', 0, '2017-04-12 01:09:40'),
(94, 'QA76.17.H492015', 0, 'Computer Science & Mathematics', 0, '2017-04-12 01:09:49'),
(95, 'QA276.15S7542016', 0, 'Computer Science & Mathematics', 0, '2017-04-12 01:10:02'),
(96, 'QA76.9.M65K592016', 0, 'Computer Science & Mathematics', 0, '2017-04-12 01:10:10'),
(97, 'QA612.24.M392016', 0, 'Computer Science & Mathematics', 0, '2017-04-12 01:10:23'),
(98, 'QA93.C6272016', 0, 'Computer Science & Mathematics', 0, '2017-04-12 01:10:32'),
(99, 'LC5251.H387', 179, 'Education', 1, '2017-04-12 01:10:45'),
(100, 'TK5105.888.S491552016', 0, 'Engineering', 0, '2017-04-12 01:10:54'),
(101, 'GB440.S6L362015', 98, 'Geography', 1, '2017-04-12 01:11:04'),
(102, 'G860.L3862016', 98, 'Geography', 1, '2017-04-12 01:11:14'),
(103, 'GF3.E5', 99, 'Geography', 1, '2017-04-12 01:11:23'),
(104, 'QE181.D452016', 0, 'Geology', 0, '2017-04-12 01:11:32'),
(105, 'QE653.5.B452016', 0, 'Geology', 0, '2017-04-12 01:11:42'),
(106, 'QE515.H542015', 0, 'Geology', 0, '2017-04-12 01:11:52'),
(107, 'RT1.I67821967', 0, 'Nursing', 0, '2017-04-12 01:12:01'),
(108, 'RT1.F53', 0, 'Nursing', 0, '2017-04-12 01:12:12'),
(109, 'QC32.C752016', 0, 'Physics', 0, '2017-04-12 01:12:21'),
(110, 'BF724.3.B55R532016', 24, 'Psychology', 1, '2017-04-12 01:12:30'),
(111, 'BF721.W672016', 24, 'Psychology', 1, '2017-04-12 01:12:39'),
(112, 'BL2525.R252016', 24, 'Religion', 1, '2017-04-12 01:12:49'),
(113, 'BL439.A452016', 24, 'Religion', 1, '2017-04-12 01:12:58'),
(114, 'PN2055.B772015', 0, 'Theatre Arts', 0, '2017-04-12 01:13:09'),
(115, 'PN2061.C57552016', 0, 'Theatre Arts', 0, '2017-04-12 01:13:18'),
(116, 'PN2061.C57552016', 0, 'Theatre Arts', 0, '2017-04-12 01:14:01'),
(117, '', 0, 'Unknown', 0, '2017-04-12 03:05:10'),
(118, 'AC1.G72', 1, 'Unknown', 1, '2017-04-12 10:53:48'),
(154, 'QA268.M6552003', 0, 'Computer Science & Mathematics', 0, '2017-04-12 15:34:10'),
(153, 'HM786.E872004', 133, 'Sociology', 1, '2017-04-12 15:32:23'),
(151, 'BF637.N66N492005', 24, 'Psychology', 1, '2017-04-12 15:20:51'),
(152, 'BF198.7.M662004', 24, 'Psychology', 1, '2017-04-12 15:23:11'),
(150, 'QA76.9.A25M672005', 0, 'Computer Science & Mathematics', 0, '2017-04-12 15:19:41'),
(149, 'QA184.2.H362007', 0, 'Computer Science & Mathematics', 0, '2017-04-12 15:13:47'),
(148, 'QA76.758.J342008', 0, 'Computer Science & Mathematics', 0, '2017-04-12 15:11:23'),
(141, 'QA9.6.W432012', 0, 'Computer Science & Mathematics', 0, '2017-04-12 15:00:06'),
(147, 'HQ759.C72452010', 142, 'Sociology', 1, '2017-04-12 15:09:17'),
(146, 'JK1161.L4282009', 154, 'Political Science', 1, '2017-04-12 15:08:33'),
(145, 'QH325.A8952010', 0, 'Biology', 0, '2017-04-12 15:05:23'),
(144, 'QA279.5.M4152011', 0, 'Computer Science & Mathematics', 0, '2017-04-12 15:03:19'),
(143, 'QA76.889.R542011', 0, 'Computer Science & Mathematics', 0, '2017-04-12 15:02:21'),
(142, 'BF241.S772012', 24, 'Psychology', 1, '2017-04-12 15:01:20'),
(140, 'HD8039.D37C652013', 121, 'Unknown', 1, '2017-04-12 14:56:47'),
(139, 'HV2430.S662013', 146, 'Sociology', 1, '2017-04-12 14:53:02'),
(138, 'PN6381.S42013', 0, 'English/Language/Literature', 0, '2017-04-12 14:42:20'),
(137, 'PN6381.S42013', 0, 'English/Language/Literature', 0, '2017-04-12 14:39:01'),
(136, 'PN6381.S42013', 0, 'English/Language/Literature', 0, '2017-04-12 14:37:42'),
(135, 'QA76.76.H85F862014', 0, 'Computer Science & Mathematics', 0, '2017-04-12 14:34:53'),
(134, 'QH447.C372015', 0, 'Biology', 0, '2017-04-12 14:34:07'),
(133, 'BL2525.A56352014', 24, 'Religion', 1, '2017-04-12 14:31:20'),
(132, 'TK7881.4.R8582014', 0, 'Engineering', 0, '2017-04-12 14:29:54'),
(131, 'ML3790.W592015', 0, 'Music', 0, '2017-04-12 14:25:12'),
(130, 'N7433.94.S932016', 0, 'Arts, Fine Arts', 0, '2017-04-12 14:23:16'),
(129, 'N7433.94.S932016', 0, 'Arts, Fine Arts', 0, '2017-04-12 14:08:39'),
(128, 'GN346.A82015', 100, 'Anthropology', 1, '2017-04-12 13:57:13'),
(127, 'Z4.C382014', 0, 'Unknown', 0, '2017-04-12 13:52:46'),
(126, 'QE22.I35I432015', 0, 'Geology', 0, '2017-04-12 13:49:15'),
(125, 'QE22.I35I432015', 0, 'Geology', 0, '2017-04-12 13:48:12'),
(124, 'G1021.A75452015', 97, 'Geography', 1, '2017-04-12 13:44:30'),
(123, 'G1021.A75452015', 97, 'Geography', 1, '2017-04-12 13:42:15'),
(122, 'QE22.I35I432015', 0, 'Geology', 0, '2017-04-12 13:41:05'),
(121, 'QA10.5.A152014', 0, 'Computer Science & Mathematics', 0, '2017-04-12 13:39:07'),
(120, 'SB191.R5R44342015', 0, 'Unknown', 0, '2017-04-12 13:32:41'),
(119, 'QE22.I35I432015', 0, 'Geology', 0, '2017-04-12 13:31:29'),
(155, 'DS63.2.U5B3142016', 0, 'History', 0, '2017-04-12 15:39:37'),
(156, 'P115.3.S6262016', 0, 'English/Language/Literature', 0, '2017-04-12 15:49:34'),
(157, 'AZ183.U5S562013', 1, 'Unknown', 1, '2017-04-12 15:53:10'),
(158, 'AZ183.U5S562013', 1, 'Unknown', 1, '2017-04-12 15:53:55'),
(159, 'ML3920.T542012', 0, 'Music', 0, '2017-04-12 15:56:30'),
(160, 'PN1995.9.H34C8582016', 0, 'English/Language/Literature', 0, '2017-04-12 15:57:11'),
(161, 'HD2741.C4522016', 118, 'Unknown', 1, '2017-04-12 15:57:49'),
(162, 'AZ183.U5S562013', 1, 'Unknown', 1, '2017-04-12 16:06:12'),
(163, 'GN346.A82015', 100, 'Anthropology', 1, '2017-04-12 16:12:13'),
(164, 'TK5105.888.S491552016', 0, 'Engineering', 0, '2017-04-12 16:13:46'),
(165, 'LC5251.H387', 179, 'Education', 1, '2017-04-12 22:16:08'),
(166, 'HV6025 .A358 2016', 146, 'Sociology', 1, '2017-04-12 22:34:57'),
(167, 'CB354.6 .T84 2017', 29, 'Unknown', 1, '2017-04-12 23:20:54'),
(169, 'GSHDGFHD', 102, 'Unknown', 1, '2017-04-12 23:24:50'),
(168, 'TESTING123', 0, 'Unknown', 0, '2017-04-12 23:21:42'),
(170, 'AC1.G72', 1, 'Unknown', 1, '2017-04-12 23:27:51'),
(171, 'DS779.36 .C47 2016', 59, 'History', 1, '2017-04-12 23:32:29'),
(172, 'HD4870.U6N361990', 118, 'Unknown', 1, '2017-04-12 23:33:51'),
(173, 'DS779.36 .C47 2016', 59, 'History', 1, '2017-04-12 23:34:34'),
(174, 'HV1626.F73', 146, 'Sociology', 1, '2017-04-12 23:37:01'),
(175, 'BL1032.B4', 24, 'Religion', 1, '2017-04-12 23:43:23'),
(176, 'BL1032.B4', 24, 'Religion', 1, '2017-04-12 23:43:26'),
(177, 'BT28.N47v.3', 25, 'Religion', 1, '2017-04-12 23:44:07'),
(178, 'AZ999.M6', 1, 'Unknown', 1, '2017-04-12 23:46:06'),
(179, 'HD9574.w54', 123, 'Unknown', 1, '2017-04-12 23:46:24'),
(180, 'GN346.A82015', 100, 'Anthropology', 1, '2017-04-12 23:48:16'),
(181, 'GN346.A82015', 100, 'Anthropology', 1, '2017-04-12 23:48:57'),
(182, 'GN346.A82015', 100, 'Anthropology', 1, '2017-04-12 23:50:04'),
(183, 'HF5011', 125, 'Business', 1, '2017-04-12 23:51:18'),
(184, 'BC', 24, 'Unknown', 1, '2017-04-12 23:52:03'),
(185, 'ca', 28, 'Unknown', 1, '2017-04-12 23:52:58'),
(186, 'ca3', 28, 'Unknown', 1, '2017-04-12 23:53:33'),
(187, 'ca1', 28, 'Unknown', 1, '2017-04-12 23:54:28'),
(188, 'ca1', 28, 'Unknown', 1, '2017-04-12 23:55:08'),
(189, 'gsghfdfd', 102, 'Unknown', 1, '2017-04-12 23:55:39'),
(190, 'ca6', 28, 'Unknown', 1, '2017-04-13 00:02:41'),
(191, 'DT455.P4713', 65, 'History', 1, '2017-04-13 00:03:54'),
(192, 'DT455.P4713', 65, 'History', 1, '2017-04-13 00:05:06'),
(193, 'E169.1.R7755c.1', 72, 'History', 1, '2017-04-13 00:05:58'),
(194, 'ac452', 1, 'Unknown', 1, '2017-04-13 00:13:54'),
(195, 'F819.G36 C65 2015', 97, 'History', 1, '2017-04-13 00:44:26'),
(196, 'HD6053 .A56 2014', 119, 'Unknown', 1, '2017-04-13 00:45:40'),
(198, 'N6537.W28 A4 2013', 0, 'Arts, Fine Arts', 0, '2017-04-13 01:09:05'),
(197, 'AC343', 1, 'Unknown', 1, '2017-04-13 00:50:00'),
(199, 'LC213 .I584 2012', 177, 'Education', 1, '2017-04-13 01:11:28'),
(202, 'DA30.B82v.2', 37, 'History', 1, '2017-04-13 01:29:11'),
(200, 'PZ7.5.S54 Ke 2008', 0, 'English/Language/Literature', 0, '2017-04-13 01:14:00'),
(201, 'CT275.F68S91948', 30, 'Unknown', 1, '2017-04-13 01:27:11'),
(203, 'DS832.7.K6 K5525 2005', 59, 'History', 1, '2017-04-13 01:29:25'),
(204, 'Gsgsggs', 102, 'Unknown', 1, '2017-04-13 01:32:37'),
(205, 'QL951 .C8', 0, 'Biology', 0, '2017-04-13 01:35:11'),
(211, 'test', 0, 'Unknown', 0, '2017-04-13 01:46:36'),
(207, 'Ac353', 1, 'Unknown', 1, '2017-04-13 01:42:44'),
(206, 'Q175.5 .P74 2005', 0, 'Unknown', 0, '2017-04-13 01:37:14'),
(209, 'Ac353', 1, 'Unknown', 1, '2017-04-13 01:42:53'),
(208, 'Ac353', 1, 'Unknown', 1, '2017-04-13 01:42:52'),
(210, 'test', 0, 'Unknown', 0, '2017-04-13 01:43:56'),
(212, 'CA123.45', 28, 'Unknown', 1, '2017-04-13 01:47:34'),
(214, 'HQ1180 .B685 2006', 140, 'Sociology', 1, '2017-04-13 01:58:28'),
(213, 'Q175.5 .P74 2005', 0, 'Unknown', 0, '2017-04-13 01:54:32'),
(215, 'DS832.7.K6 K5525 2005', 59, 'History', 1, '2017-04-13 02:02:55'),
(217, 'testing', 0, 'Unknown', 0, '2017-04-13 02:46:34'),
(216, 'test', 0, 'Unknown', 0, '2017-04-13 02:05:40'),
(219, '123', 0, 'Unknown', 0, '2017-04-13 03:24:50'),
(218, 'test', 0, 'Unknown', 0, '2017-04-13 02:51:08'),
(221, '2345', 0, 'Unknown', 0, '2017-04-13 03:30:07'),
(220, 'resdfgh', 0, 'Unknown', 0, '2017-04-13 03:29:38'),
(224, 'tfghhjk67', 0, 'Unknown', 0, '2017-04-13 03:53:12'),
(222, 'fgk', 97, 'History', 1, '2017-04-13 03:36:20'),
(229, 'ghj6789', 99, 'Unknown', 1, '2017-04-13 04:02:12'),
(223, 'testingw', 0, 'Unknown', 0, '2017-04-13 03:40:38'),
(225, 'yiyi', 0, 'Unknown', 0, '2017-04-13 03:55:35'),
(226, 'cg', 29, 'Unknown', 1, '2017-04-13 03:57:40'),
(227, 'bn', 24, 'Religion', 1, '2017-04-13 03:59:41'),
(228, 'bk', 24, 'Unknown', 1, '2017-04-13 04:01:31'),
(231, 'ghj6789', 99, 'Unknown', 1, '2017-04-13 04:03:08'),
(230, 'ghj6789', 99, 'Unknown', 1, '2017-04-13 04:03:01'),
(233, 'ghj6789gjhk', 99, 'Unknown', 1, '2017-04-13 04:06:07'),
(232, 'ghj6789', 99, 'Unknown', 1, '2017-04-13 04:03:20'),
(235, 'Gshdhdhhdd', 102, 'Unknown', 1, '2017-04-13 16:22:07'),
(234, 'QW235.t7', 0, 'Unknown', 0, '2017-04-13 10:57:38'),
(239, 'AC23.12', 1, 'Unknown', 1, '2017-04-14 17:48:35'),
(237, 'B131.D3v.5', 0, 'Unknown', 0, '2017-04-13 18:41:01'),
(236, 'AZ999.M6', 1, 'Unknown', 0, '2017-04-13 18:40:38'),
(238, 'B243.G66', 7, 'Unknown', 1, '2017-04-13 18:41:44'),
(240, '1', 0, 'Unknown', 0, '2020-10-04 21:53:19');

-- --------------------------------------------------------

--
-- Table structure for table `login`
--

CREATE TABLE IF NOT EXISTS `login` (
  `Username` varchar(20) NOT NULL,
  `Password` varchar(20) NOT NULL
) ENGINE=InnoDB DEFAULT CHARSET=latin1;

--
-- Dumping data for table `login`
--

INSERT INTO `login` (`Username`, `Password`) VALUES
('a', 'a'),
('CPSProjects18', 'LibraryPass1'),
('dinardia1', 'password'),
('KristyLee', 'LibraryAdmin1');

-- --------------------------------------------------------

--
-- Table structure for table `login_f20`
--

CREATE TABLE IF NOT EXISTS `login_f20` (
  `Username` varchar(20) NOT NULL,
  `Password` varchar(20) NOT NULL
) ENGINE=InnoDB DEFAULT CHARSET=latin1;

--
-- Dumping data for table `login_f20`
--

INSERT INTO `login_f20` (`Username`, `Password`) VALUES
('a', 'a'),
('CPSProjects18', 'LibraryPass1'),
('dinardia1', 'password'),
('KristyLee', 'LibraryAdmin1');

-- --------------------------------------------------------

--
-- Table structure for table `permstructlocations`
--

CREATE TABLE IF NOT EXISTS `permstructlocations` (
  `StructID` int(11) NOT NULL,
  `Type` int(11) DEFAULT NULL,
  `X` varchar(11) DEFAULT NULL,
  `Y` varchar(11) DEFAULT NULL,
  `Width` varchar(11) DEFAULT NULL,
  `Height` varchar(11) DEFAULT NULL,
  `Map` int(11) DEFAULT NULL
) ENGINE=InnoDB AUTO_INCREMENT=31 DEFAULT CHARSET=latin1;

--
-- Dumping data for table `permstructlocations`
--

INSERT INTO `permstructlocations` (`StructID`, `Type`, `X`, `Y`, `Width`, `Height`, `Map`) VALUES
(1, 1, '12.5', '65', '103', '84', 0),
(2, 1, '128', '290', '235.9', '121.9', 0),
(3, 1, '602.5', '65', '105.7', '95.2', 0),
(4, 1, '151.844', '846', '78.2', '15.5', 0),
(5, 1, '151.872', '779.6', '78.2', '47.3', 0),
(6, 1, '263', '65', '78.2', '12', 0),
(7, 1, '263', '100', '78.2', '47.3', 0),
(8, 1, '380.121', '846.5', '78.2', '15.5', 0),
(9, 1, '380.149', '779.541', '78.2', '47.3', 0),
(10, 1, '493.992', '831', '78.2', '31.1', 0),
(11, 1, '12', '177', '80.2', '234.6', 0),
(13, 1, '196.6', '585', '55.5', '52.5', 0),
(14, 1, '150', '100', '78.7', '46.6', 0),
(15, 1, '150', '65', '79', '12', 0),
(16, 1, '379', '100', '76', '46', 0),
(17, 1, '379', '65', '77', '12', 0),
(18, 1, '493', '65', '76.4', '27.7', 0),
(19, 1, '605.5', '764', '104.7', '98.3', 0),
(20, 1, '11.5', '517', '80.2', '345', 0),
(21, 1, '-17.5', '90', '238.2', '118', 1),
(22, 1, '471', '90', '73.7', '24.5', 1),
(23, 1, '209', '318', '241', '127', 1),
(24, 1, '463', '884', '81.9', '29.8', 1),
(25, 1, '-17', '435', '200', '479', 1),
(26, 1, '492.5', '63.5', '75.4', '34.5', 2),
(27, 1, '9.7', '334.5', '68.4', '57.7', 2),
(28, 1, '240', '296', '233.7', '122.4', 2),
(29, 1, '9.7', '643', '159.2', '234.9', 2),
(30, 1, '9.7', '525', '240', '120', 2);

-- --------------------------------------------------------

--
-- Table structure for table `permstructlocations_f20`
--

CREATE TABLE IF NOT EXISTS `permstructlocations_f20` (
  `StructID` int(11) NOT NULL,
  `Type` int(11) DEFAULT NULL,
  `X` varchar(11) DEFAULT NULL,
  `Y` varchar(11) DEFAULT NULL,
  `Width` varchar(11) DEFAULT NULL,
  `Height` varchar(11) DEFAULT NULL,
  `Map` int(11) DEFAULT NULL
) ENGINE=InnoDB AUTO_INCREMENT=31 DEFAULT CHARSET=latin1;

--
-- Dumping data for table `permstructlocations_f20`
--

INSERT INTO `permstructlocations_f20` (`StructID`, `Type`, `X`, `Y`, `Width`, `Height`, `Map`) VALUES
(1, 1, '12.5', '65', '103', '84', 0),
(2, 1, '128', '290', '235.9', '121.9', 0),
(3, 1, '602.5', '65', '105.7', '95.2', 0),
(4, 1, '151.844', '846', '78.2', '15.5', 0),
(5, 1, '151.872', '779.6', '78.2', '47.3', 0),
(6, 1, '263', '65', '78.2', '12', 0),
(7, 1, '263', '100', '78.2', '47.3', 0),
(8, 1, '380.121', '846.5', '78.2', '15.5', 0),
(9, 1, '380.149', '779.541', '78.2', '47.3', 0),
(10, 1, '493.992', '831', '78.2', '31.1', 0),
(11, 1, '12', '177', '80.2', '234.6', 0),
(13, 1, '196.6', '585', '55.5', '52.5', 0),
(14, 1, '150', '100', '78.7', '46.6', 0),
(15, 1, '150', '65', '79', '12', 0),
(16, 1, '379', '100', '76', '46', 0),
(17, 1, '379', '65', '77', '12', 0),
(18, 1, '493', '65', '76.4', '27.7', 0),
(19, 1, '605.5', '764', '104.7', '98.3', 0),
(20, 1, '11.5', '517', '80.2', '345', 0),
(21, 1, '-17.5', '90', '238.2', '118', 1),
(22, 1, '471', '90', '73.7', '24.5', 1),
(23, 1, '209', '318', '241', '127', 1),
(24, 1, '463', '884', '81.9', '29.8', 1),
(25, 1, '-17', '435', '200', '479', 1),
(26, 1, '492.5', '63.5', '75.4', '34.5', 2),
(27, 1, '9.7', '334.5', '68.4', '57.7', 2),
(28, 1, '240', '296', '233.7', '122.4', 2),
(29, 1, '9.7', '643', '159.2', '234.9', 2),
(30, 1, '9.7', '525', '240', '120', 2);

-- --------------------------------------------------------

--
-- Table structure for table `shelflocations`
--

CREATE TABLE IF NOT EXISTS `shelflocations` (
  `ShelfNo` int(11) NOT NULL,
  `Class` char(20) NOT NULL,
  `X` char(20) NOT NULL,
  `Y` char(20) NOT NULL,
  `Width` char(20) NOT NULL,
  `Height` char(20) NOT NULL,
  `Map` char(11) NOT NULL
) ENGINE=MyISAM DEFAULT CHARSET=latin1;

--
-- Dumping data for table `shelflocations`
--

INSERT INTO `shelflocations` (`ShelfNo`, `Class`, `X`, `Y`, `Width`, `Height`, `Map`) VALUES
(3001, '', '657.2', '101.99999999999999', '7.9', '57.2', '2'),
(7, '', '126.7', '179.3', '114', '9.1', '0'),
(6, '', '126.7', '205.4', '114', '9.1', '0'),
(5, '', '126.7', '231.5', '114', '9.1', '0'),
(4, '', '126.7', '257.6', '114', '9.1', '0'),
(3, '', '253.9', '745', '98.8', '9.1', '0'),
(2, '', '250.1', '722.3', '113.3', '8', '0'),
(1, '', '250.1', '698.6', '113.3', '8', '0'),
(0, '', '250.1', '674.8', '113.3', '8', '0'),
(8, '', '142.6', '745', '56', '9.1', '0'),
(9, '', '127.4', '721.2', '71.3', '9.1', '0'),
(10, '', '127.4', '697.5', '71.3', '9.1', '0'),
(3000, '', '680', '101.99999999999999', '7.9', '57.2', '2'),
(16, '', '192.5', '547.9', '61.3', '9.1', '0'),
(15, '', '155', '575', '9.1', '61.3', '0'),
(14, '', '285.3', '575', '9.1', '61.3', '0'),
(285, '1-85 1-90', '588.5', '121.7', '60.6', '7.5', '1'),
(279, '1-79 1-84', '564.2', '121.7', '60.6', '7.5', '1'),
(273, '1-73 1-78', '539.8', '121.7', '60.6', '7.5', '1'),
(267, '1-67 1-72', '515.5', '121.7', '60.6', '7.5', '1'),
(261, '1-61 1-66', '494.3', '121.7', '60.6', '7.5', '1'),
(13, '', '310.2', '575', '9.1', '61.3', '0'),
(286, '1-86 1-89', '581.6999999999999', '220', '87.7', '7.5', '1'),
(280, '1-80 1-83', '557.4', '220', '87.7', '7.5', '1'),
(274, '1-74 1-77', '533', '220', '87.7', '7.5', '1'),
(268, '1-68 1-71', '508.7', '220', '87.7', '7.5', '1'),
(262, '1-62 1-65', '487.6', '220', '87.7', '7.5', '1'),
(257, '1-57 1-60', '463.2', '220', '87.7', '7.5', '1'),
(253, '1-53 1-54', '417.8', '220', '87.7', '7.5', '1'),
(251, '1-51 1-52', '393.40000000000003', '220', '87.7', '7.5', '1'),
(249, '1-49 1-50', '369.1', '220', '87.7', '7.5', '1'),
(247, '1-47 1-48', '348', '220', '87.7', '7.5', '1'),
(245, '1-45 1-46', '323.6', '220', '87.7', '7.5', '1'),
(243, '1-43 1-44', '300.5', '220', '87.7', '7.5', '1'),
(241, '1-41 1-42', '276.2', '220', '87.7', '7.5', '1'),
(239, '1-39 1-40', '255.10000000000002', '220', '87.7', '7.5', '1'),
(237, '1-37 1-38', '230.70000000000002', '220', '87.7', '7.5', '1'),
(235, '1-35 1-36', '207', '232.2', '75.5', '7.5', '1'),
(231, '1-31 1-34', '182.2', '232.2', '75.5', '7.5', '1'),
(227, '1-27 1-30', '159', '232.2', '75.5', '7.5', '1'),
(232, '1-32 1-33', '179.20000000000002', '323.5', '101.8', '7.5', '1'),
(258, '1-58 1-59', '463.2', '343.5', '101.8', '7.5', '1'),
(263, '1-63 1-64', '487.5', '343.5', '101.8', '7.5', '1'),
(269, '1-69 1-70', '508.6', '343.5', '101.8', '7.5', '1'),
(275, '1-75 1-76', '533', '343.5', '101.8', '7.5', '1'),
(281, '1-81 1-82', '557.4', '356.5', '88.3', '7.5', '1'),
(287, '1-87 1-88', '581.7', '343.5', '101.8', '7.5', '1'),
(12, '', '332.8', '575', '9.1', '61.3', '0'),
(11, '', '127.4', '673.7', '71.3', '9.1', '0'),
(2102, '1-102 1-103', '590.3', '491.9', '89.4', '7.5', '1'),
(293, '1-93 1-96', '590.3000000000001', '601.9', '103.2', '7.5', '1'),
(2101, '1-101 1-104', '564.7', '602', '90.3', '7.5', '1'),
(2109, '1-109 1-112', '541.6', '601.9', '103.2', '7.5', '1'),
(2117, '1-117 1-120', '518.8', '601.9', '103.2', '7.5', '1'),
(2125, '1-125 1-128', '494.5', '601.9', '103.2', '7.5', '1'),
(2133, '1-133 1-136', '471.70000000000005', '601.9', '103.2', '7.5', '1'),
(2140, '1-140 1-143', '447.8', '602', '90.3', '7.5', '1'),
(2146, '1-146 1-149', '424.70000000000005', '601.9', '103.2', '7.5', '1'),
(2152, '1-152 1-155', '401.90000000000003', '601.9', '103.2', '7.5', '1'),
(2158, '1-158 1-161', '377.6', '601.9', '103.2', '7.5', '1'),
(2165, '1-165 1-168', '354.8', '601.9', '103.2', '7.5', '1'),
(2173, '1-173 1-176', '330.70000000000005', '602', '90.3', '7.5', '1'),
(800, 'Juvenile', '307.6', '601.9', '103.2', '7.5', '1'),
(700, 'Juvenile/Video', '284.70000000000005', '601.9', '103.2', '7.5', '1'),
(292, '1-92 1-97', '590.3000000000001', '716.8', '90.3', '7.5', '1'),
(291, '1-91 1-98', '590.2', '820', '57.1', '7.5', '1'),
(299, '1-99 1-106', '562.6', '820', '57.1', '7.5', '1'),
(2107, '1-107 1-114', '541.5', '820', '57.1', '7.5', '1'),
(2115, '1-115 1-122', '518.8', '820', '57.1', '7.5', '1'),
(2123, '1-123 1-130', '494.5', '820', '57.1', '7.5', '1'),
(2131, '1-131 1-138', '471.7', '820', '57.1', '7.5', '1'),
(2163, '1-163 1-170', '354.8', '820', '57.1', '7.5', '1'),
(2171, '1-171 1-178', '333.1', '820', '57.1', '7.5', '1'),
(803, '1-179 Juvenile', '307.6', '820', '57.1', '7.5', '1'),
(804, 'Juvenile', '284.7', '820', '57.1', '7.5', '1'),
(2100, '1-100 1-105', '564.3000000000001', '716.8', '90.3', '7.5', '1'),
(2108, '1-108 1-113', '541.6', '716.8', '90.3', '7.5', '1'),
(2116, '1-116 1-121', '518.8', '716.8', '90.3', '7.5', '1'),
(2124, '1-124 1-129', '494.5', '716.8', '90.3', '7.5', '1'),
(2132, '1-132 1-137', '471.70000000000005', '716.8', '90.3', '7.5', '1'),
(2139, '1-139 1-144', '447.40000000000003', '716.8', '90.3', '7.5', '1'),
(2145, '1-145 1-150', '424.70000000000005', '716.8', '90.3', '7.5', '1'),
(2151, '1-151 1-156', '401.90000000000003', '716.8', '90.3', '7.5', '1'),
(2157, '1-157 1-162', '377.6', '716.8', '90.3', '7.5', '1'),
(2164, '1-164 1-169', '354.8', '716.8', '90.3', '7.5', '1'),
(2172, '1-172 1-177', '333.1', '716.8', '90.3', '7.5', '1'),
(805, 'Juvenile', '307.6', '716.8', '90.3', '7.5', '1'),
(701, 'Juvenile/Video', '284.70000000000005', '716.8', '90.3', '7.5', '1'),
(2110, '1-110 1-111', '564.7', '492', '73.5', '7.5', '1'),
(2118, '1-118 1-119', '541.6', '490.9', '87.4', '7.5', '1'),
(2126, '1-126 1-127', '518.9', '490.9', '87.4', '7.5', '1'),
(2134, '1-134 1-135', '494.5', '490.9', '87.4', '7.5', '1'),
(2141, '1-141 1-142', '471.8', '490.9', '87.4', '7.5', '1'),
(2147, '1-147 1-148', '447.8', '490.9', '73.5', '7.5', '1'),
(2153, '1-153 1-154', '424.7', '490.9', '87.4', '7.5', '1'),
(991, '1- 1-00', '402', '490.9', '87.4', '7.5', '1'),
(2159, '1-159 1-160', '377.59999999999997', '490.9', '87.4', '7.5', '1'),
(2166, '1-166 1-167', '354.8', '490.9', '87.4', '7.5', '1'),
(807, 'Juvenile', '306.1', '517', '59.3', '7.5', '1'),
(702, 'Juvenile/Video', '282.5', '517', '59.3', '7.5', '1'),
(2174, '1-174 1-175', '330.7', '490.9', '71.8', '7.5', '1'),
(228, '1-28 1-29', '156.00000000000003', '323.5', '101.8', '7.5', '1'),
(224, '1-24 1-25', '132.8', '323.5', '101.8', '7.5', '1'),
(220, '1-20 1-21', '109.8', '323.5', '101.8', '7.5', '1'),
(216, '1-16 1-17', '88', '337.6', '87.4', '7.5', '1'),
(212, '1-12 1-13', '65.5', '337.6', '87.4', '7.5', '1'),
(26, '1-6 1-7', '18.6', '320', '47.8', '8.3', '1'),
(3002, '', '634.4', '101.99999999999999', '7.9', '57.2', '2'),
(22, '1-2 1-3', '-2', '340', '28', '7.9', '1'),
(223, '1-23 1-26', '137.2', '232.2', '75.5', '7.5', '1'),
(219, '1-19 1-22', '112.8', '232.2', '75.5', '7.5', '1'),
(215, '1-15 1-18', '89.1', '232.2', '75.5', '7.5', '1'),
(211, '1-11 1-14', '65.5', '232.2', '75.5', '7.5', '1'),
(255, '1-55 1-56', '442.1', '220', '87.7', '7.5', '1'),
(29, '1-9 1-10', '42.4', '232.2', '75.5', '7.5', '1'),
(25, '1-5 1-8', '18.6', '232.2', '75.5', '7.5', '1'),
(21, '1-1 1-4', '-5', '232.2', '75.5', '7.5', '1'),
(3003, '', '611.5', '101.99999999999999', '7.9', '57.2', '2'),
(3005, '', '588.7', '101.99999999999999', '7.9', '57.2', '2'),
(3006, '', '565.9', '101.99999999999999', '7.9', '57.2', '2'),
(3007, '', '543', '101.99999999999999', '7.9', '57.2', '2'),
(3008, '', '520.2', '101.99999999999999', '7.9', '57.2', '2'),
(3009, '', '499.5', '101.99999999999999', '7.9', '57.2', '2'),
(3010, '', '588.7', '200.00000000000003', '7.9', '85.5', '2'),
(3011, '', '565.9000000000001', '200.00000000000003', '7.9', '85.5', '2'),
(3012, '', '543.1', '200.00000000000003', '7.9', '85.5', '2'),
(3013, '', '520.3000000000001', '200.00000000000003', '7.9', '85.5', '2'),
(3014, '', '499.5', '200.00000000000003', '7.9', '85.5', '2'),
(3015, '', '136.3', '118.8', '85.5', '7.9', '2'),
(3016, '', '27.9', '97', '79.8', '7.9', '2'),
(3017, '', '27.9', '108.6', '79.8', '7.9', '2'),
(3018, '', '27.9', '120.1', '79.8', '7.9', '2'),
(3019, '', '27.9', '131.7', '79.8', '7.9', '2'),
(3020, '', '27.9', '143.3', '79.8', '7.9', '2'),
(3021, '', '27.9', '154.8', '79.8', '7.9', '2'),
(3022, '', '27.9', '166.4', '79.8', '7.9', '2'),
(3023, '', '27.9', '177.9', '79.8', '7.9', '2'),
(3024, '', '27.9', '201.1', '79.8', '7.9', '2'),
(3025, '', '27.9', '189.5', '79.8', '7.9', '2'),
(3026, '', '27.9', '212.6', '79.8', '7.9', '2'),
(3027, '', '27.9', '224.2', '79.8', '7.9', '2'),
(3028, '', '27.9', '235.8', '79.8', '7.9', '2'),
(3029, '', '27.9', '247.3', '79.8', '7.9', '2'),
(3030, '', '27.9', '258.9', '79.8', '7.9', '2'),
(3031, '', '38.9', '440', '7.9', '66.1', '2'),
(3032, '', '50.3', '440', '7.9', '66.1', '2'),
(3033, '', '61.7', '440', '7.9', '66.1', '2'),
(3034, '', '73.1', '440', '7.9', '66.1', '2'),
(3035, '', '84.5', '440', '7.9', '66.1', '2'),
(3036, '', '95.9', '440', '7.9', '66.1', '2'),
(3037, '', '107.3', '440', '7.9', '66.1', '2'),
(3038, '', '118.7', '440', '7.9', '66.1', '2'),
(3039, '', '130.1', '440', '7.9', '66.1', '2'),
(3040, '', '141.5', '440', '7.9', '66.1', '2'),
(3041, '', '153', '440', '7.9', '66.1', '2'),
(3042, '', '164.4', '440', '7.9', '66.1', '2'),
(3043, '', '175.8', '440', '7.9', '66.1', '2'),
(3044, '', '187.2', '440', '7.9', '66.1', '2'),
(3045, '', '198.6', '440', '7.9', '66.1', '2'),
(3046, '', '210', '440', '7.9', '66.1', '2'),
(3047, '', '136.3', '129.6', '85.5', '7.9', '2'),
(3048, '', '136.3', '140.3', '85.5', '7.9', '2'),
(3049, '', '136.3', '151.1', '85.5', '7.9', '2'),
(3050, '', '136.3', '161.9', '85.5', '7.9', '2'),
(3051, '', '136.3', '172.7', '85.5', '7.9', '2'),
(3052, '', '136.3', '183.4', '85.5', '7.9', '2'),
(3053, '', '136.3', '194.2', '85.5', '7.9', '2'),
(3054, '', '136.3', '205', '85.5', '7.9', '2'),
(3055, '', '136.3', '226.5', '85.5', '7.9', '2'),
(3056, '', '136.6', '237.3', '85.5', '7.9', '2'),
(3057, '', '136.3', '248.1', '85.5', '7.9', '2'),
(3058, '', '136.3', '258.9', '85.5', '7.9', '2'),
(3059, '', '136.3', '269.7', '85.5', '7.9', '2'),
(3060, '', '136.3', '280.4', '85.5', '7.9', '2'),
(3061, '', '136.3', '291.2', '85.5', '7.9', '2'),
(3062, '', '136.3', '302', '85.5', '7.9', '2'),
(3063, '', '136.3', '312.8', '85.5', '7.9', '2'),
(3064, '', '136.3', '323.5', '85.5', '7.9', '2'),
(3065, '', '136.3', '334.3', '85.5', '7.9', '2'),
(3066, '', '136.3', '345.1', '85.5', '7.9', '2'),
(3067, '', '136.3', '355.9', '85.5', '7.9', '2'),
(3068, '', '136.3', '366.6', '85.5', '7.9', '2'),
(3069, '', '136.3', '377.4', '85.5', '7.9', '2'),
(3070, '', '136.3', '388.2', '85.5', '7.9', '2'),
(3071, '', '136.3', '399', '85.5', '7.9', '2'),
(3072, '', '136.3', '409.7', '85.5', '7.9', '2'),
(3073, '', '136.3', '215.8', '85.5', '7.9', '2'),
(3074, '', '470', '120', '7.9', '134.6', '2'),
(3075, '', '458.8', '120', '7.9', '134.6', '2'),
(3076, '', '447.5', '120', '7.9', '134.6', '2'),
(3077, '', '436.3', '120', '7.9', '134.6', '2'),
(3078, '', '425', '120', '7.9', '134.6', '2'),
(3079, '', '413.8', '120', '7.9', '134.6', '2'),
(3080, '', '402.5', '120', '7.9', '134.6', '2'),
(3081, '', '391.3', '120', '7.9', '134.6', '2'),
(3082, '', '380', '120', '7.9', '134.6', '2'),
(3083, '', '368.8', '120', '7.9', '134.6', '2'),
(3084, '', '357.5', '120', '7.9', '134.6', '2'),
(3085, '', '346.3', '120', '7.9', '134.6', '2'),
(3086, '', '335', '120', '7.9', '134.6', '2'),
(3087, '', '323.8', '120', '7.9', '134.6', '2'),
(3088, '', '312.5', '120', '7.9', '134.6', '2'),
(3089, '', '301.3', '120', '7.9', '134.6', '2'),
(3090, '', '290', '120', '7.9', '134.6', '2'),
(3091, '', '278.8', '120', '7.9', '134.6', '2'),
(3092, '', '267.5', '120', '7.9', '134.6', '2'),
(3093, '', '256.3', '120', '7.9', '134.6', '2'),
(3094, '', '245', '120', '7.9', '134.6', '2'),
(3095, '', '588.7', '315', '7.9', '99.9', '2'),
(3096, '', '565.9000000000001', '315', '7.9', '99.9', '2'),
(3097, '', '543.1', '315', '7.9', '99.9', '2'),
(3098, '', '520.3000000000001', '315', '7.9', '99.9', '2'),
(3099, '', '499.5', '315', '7.9', '99.9', '2'),
(3100, '', '565.8000000000001', '449.7', '7.9', '84.2', '2'),
(3101, '', '543', '449.7', '7.9', '84.2', '2'),
(3102, '', '520.2', '449.7', '7.9', '84.2', '2'),
(3103, '', '499.40000000000003', '449.7', '7.9', '84.2', '2'),
(3104, '', '476.5', '449.7', '7.9', '70.5', '2'),
(3105, '', '588.7', '449.7', '7.9', '70.5', '2'),
(3106, '', '361', '449.7', '7.9', '70.5', '2'),
(3107, '', '451.7', '449.7', '7.9', '84.2', '2'),
(3108, '', '428.90000000000003', '449.7', '7.9', '84.2', '2'),
(3109, '', '406', '449.7', '7.9', '84.2', '2'),
(3110, '', '383.90000000000003', '449.7', '7.9', '84.2', '2'),
(3111, '', '588.7', '557.9', '7.9', '84.7', '2'),
(3112, '', '565.8000000000001', '557.9', '7.9', '100.1', '2'),
(3113, '', '543', '557.9', '7.9', '100.1', '2'),
(3114, '', '520.2', '557.5', '7.9', '100.1', '2'),
(3115, '', '499.4', '557.5', '7.9', '100.1', '2'),
(3116, '', '451.7', '557.5', '7.9', '100.1', '2'),
(3117, '', '428.9', '557.5', '7.9', '100.1', '2'),
(3118, '', '406', '557.5', '7.9', '100.1', '2'),
(3119, '', '476.5', '557.5', '7.9', '84.7', '2'),
(3120, '', '361', '557.9', '7.9', '84.7', '2'),
(3121, '', '383.9', '557.9', '7.9', '100.1', '2'),
(3122, '', '337.5', '557.5', '7.9', '100.1', '2'),
(3123, '', '314.7', '557.5', '7.9', '100.1', '2'),
(3124, '', '292.6', '557.9', '7.9', '100.1', '2'),
(3125, '', '588.7', '664.3', '6.9', '70.9', '2'),
(3126, '', '588.4', '768.1', '6.9', '57.3', '2'),
(3127, '', '565.3', '768.1', '6.9', '57.3', '2'),
(3128, '', '542.3', '768.1', '6.9', '57.3', '2'),
(3129, '', '520.1', '768.1', '6.9', '57.3', '2'),
(3130, '', '496.1000000000001', '768.1', '6.9', '57.3', '2'),
(3131, '', '451.9', '768.1', '6.9', '57.3', '2'),
(3132, '', '428.8', '768.1', '6.9', '57.3', '2'),
(3133, '', '405.7', '768.1', '6.9', '57.3', '2'),
(3134, '', '382.7', '768.1', '6.9', '57.3', '2'),
(3135, '', '359.6', '768.1', '6.9', '57.3', '2'),
(3136, '', '337.5', '768.1', '6.9', '57.3', '2'),
(3137, '', '611.4', '768.1', '6.9', '57.3', '2'),
(3138, '', '634.5', '768.1', '6.9', '57.3', '2'),
(3139, '', '656.6', '768.1', '6.9', '57.3', '2'),
(3140, '', '678.8', '768.1', '6.9', '57.3', '2'),
(3141, '', '565.8', '664.3', '7.9', '84.7', '2'),
(3142, '', '543', '664.3', '7.9', '84.7', '2'),
(3143, '', '520.1999999999999', '664.3', '7.9', '84.7', '2'),
(3144, '', '499.4', '664.3', '7.9', '84.7', '2'),
(3145, '', '474.5', '664.3', '7.9', '84.7', '2'),
(3146, '', '451.7', '664.3', '7.9', '84.7', '2'),
(3147, '', '428.9', '664.3', '7.9', '84.7', '2'),
(3148, '', '406', '664.3', '7.9', '84.7', '2'),
(3149, '', '383.9', '664.3', '7.9', '84.7', '2'),
(3150, '', '360.4', '664.3', '7.9', '84.7', '2'),
(3151, '', '337.5', '664.3', '7.9', '84.7', '2'),
(3152, '', '314.7', '664.3', '7.9', '84.7', '2'),
(3153, '', '292.6', '664.3', '7.9', '84.7', '2'),
(3154, '', '292.6', '768.1', '7.9', '84.7', '2'),
(3155, '', '269.1', '768.1', '7.9', '84.7', '2'),
(3156, '', '245.5', '768.1', '7.9', '84.7', '2'),
(3157, '', '223.5', '768.1', '7.9', '84.7', '2'),
(3158, '', '200.3', '768.1', '7.9', '84.7', '2'),
(3159, '', '269.1', '664.3', '7.9', '84.7', '2'),
(3160, '', '245.5', '678', '7.8', '70.9', '2'),
(3161, '', '222.60000000000002', '678', '7.8', '70.9', '2'),
(3162, '', '199.8', '678', '7.8', '70.9', '2');

-- --------------------------------------------------------

--
-- Table structure for table `shelflocations_f20`
--

CREATE TABLE IF NOT EXISTS `shelflocations_f20` (
  `ShelfNo` int(11) NOT NULL,
  `Class` char(20) NOT NULL,
  `X` char(20) NOT NULL,
  `Y` char(20) NOT NULL,
  `Width` char(20) NOT NULL,
  `Height` char(20) NOT NULL,
  `Map` char(11) NOT NULL
) ENGINE=MyISAM DEFAULT CHARSET=latin1;

--
-- Dumping data for table `shelflocations_f20`
--

INSERT INTO `shelflocations_f20` (`ShelfNo`, `Class`, `X`, `Y`, `Width`, `Height`, `Map`) VALUES
(3001, '', '657.2', '101.99999999999999', '7.9', '57.2', '2'),
(7, '', '126.7', '179.3', '114', '9.1', '0'),
(6, '', '126.7', '205.4', '114', '9.1', '0'),
(5, '', '126.7', '231.5', '114', '9.1', '0'),
(4, '', '126.7', '257.6', '114', '9.1', '0'),
(3, '', '253.9', '745', '98.8', '9.1', '0'),
(2, '', '250.1', '722.3', '113.3', '8', '0'),
(1, '', '250.1', '698.6', '113.3', '8', '0'),
(0, '', '250.1', '674.8', '113.3', '8', '0'),
(8, '', '142.6', '745', '56', '9.1', '0'),
(9, '', '127.4', '721.2', '71.3', '9.1', '0'),
(10, '', '127.4', '697.5', '71.3', '9.1', '0'),
(3000, '', '680', '101.99999999999999', '7.9', '57.2', '2'),
(16, '', '192.5', '547.9', '61.3', '9.1', '0'),
(15, '', '155', '575', '9.1', '61.3', '0'),
(14, '', '285.3', '575', '9.1', '61.3', '0'),
(285, '1-85 1-90', '588.5', '121.7', '60.6', '7.5', '1'),
(279, '1-79 1-84', '564.2', '121.7', '60.6', '7.5', '1'),
(273, '1-73 1-78', '539.8', '121.7', '60.6', '7.5', '1'),
(267, '1-67 1-72', '515.5', '121.7', '60.6', '7.5', '1'),
(261, '1-61 1-66', '494.3', '121.7', '60.6', '7.5', '1'),
(13, '', '310.2', '575', '9.1', '61.3', '0'),
(286, '1-86 1-89', '581.6999999999999', '220', '87.7', '7.5', '1'),
(280, '1-80 1-83', '557.4', '220', '87.7', '7.5', '1'),
(274, '1-74 1-77', '533', '220', '87.7', '7.5', '1'),
(268, '1-68 1-71', '508.7', '220', '87.7', '7.5', '1'),
(262, '1-62 1-65', '487.6', '220', '87.7', '7.5', '1'),
(257, '1-57 1-60', '463.2', '220', '87.7', '7.5', '1'),
(253, '1-53 1-54', '417.8', '220', '87.7', '7.5', '1'),
(251, '1-51 1-52', '393.40000000000003', '220', '87.7', '7.5', '1'),
(249, '1-49 1-50', '369.1', '220', '87.7', '7.5', '1'),
(247, '1-47 1-48', '348', '220', '87.7', '7.5', '1'),
(245, '1-45 1-46', '323.6', '220', '87.7', '7.5', '1'),
(243, '1-43 1-44', '300.5', '220', '87.7', '7.5', '1'),
(241, '1-41 1-42', '276.2', '220', '87.7', '7.5', '1'),
(239, '1-39 1-40', '255.10000000000002', '220', '87.7', '7.5', '1'),
(237, '1-37 1-38', '230.70000000000002', '220', '87.7', '7.5', '1'),
(235, '1-35 1-36', '207', '232.2', '75.5', '7.5', '1'),
(231, '1-31 1-34', '182.2', '232.2', '75.5', '7.5', '1'),
(227, '1-27 1-30', '159', '232.2', '75.5', '7.5', '1'),
(232, '1-32 1-33', '179.20000000000002', '323.5', '101.8', '7.5', '1'),
(258, '1-58 1-59', '463.2', '343.5', '101.8', '7.5', '1'),
(263, '1-63 1-64', '487.5', '343.5', '101.8', '7.5', '1'),
(269, '1-69 1-70', '508.6', '343.5', '101.8', '7.5', '1'),
(275, '1-75 1-76', '533', '343.5', '101.8', '7.5', '1'),
(281, '1-81 1-82', '557.4', '356.5', '88.3', '7.5', '1'),
(287, '1-87 1-88', '581.7', '343.5', '101.8', '7.5', '1'),
(12, '', '332.8', '575', '9.1', '61.3', '0'),
(11, '', '127.4', '673.7', '71.3', '9.1', '0'),
(2102, '1-102 1-103', '590.3', '491.9', '89.4', '7.5', '1'),
(293, '1-93 1-96', '590.3000000000001', '601.9', '103.2', '7.5', '1'),
(2101, '1-101 1-104', '564.7', '602', '90.3', '7.5', '1'),
(2109, '1-109 1-112', '541.6', '601.9', '103.2', '7.5', '1'),
(2117, '1-117 1-120', '518.8', '601.9', '103.2', '7.5', '1'),
(2125, '1-125 1-128', '494.5', '601.9', '103.2', '7.5', '1'),
(2133, '1-133 1-136', '471.70000000000005', '601.9', '103.2', '7.5', '1'),
(2140, '1-140 1-143', '447.8', '602', '90.3', '7.5', '1'),
(2146, '1-146 1-149', '424.70000000000005', '601.9', '103.2', '7.5', '1'),
(2152, '1-152 1-155', '401.90000000000003', '601.9', '103.2', '7.5', '1'),
(2158, '1-158 1-161', '377.6', '601.9', '103.2', '7.5', '1'),
(2165, '1-165 1-168', '354.8', '601.9', '103.2', '7.5', '1'),
(2173, '1-173 1-176', '330.70000000000005', '602', '90.3', '7.5', '1'),
(800, 'Juvenile', '307.6', '601.9', '103.2', '7.5', '1'),
(700, 'Juvenile/Video', '284.70000000000005', '601.9', '103.2', '7.5', '1'),
(292, '1-92 1-97', '590.3000000000001', '716.8', '90.3', '7.5', '1'),
(291, '1-91 1-98', '590.2', '820', '57.1', '7.5', '1'),
(299, '1-99 1-106', '562.6', '820', '57.1', '7.5', '1'),
(2107, '1-107 1-114', '541.5', '820', '57.1', '7.5', '1'),
(2115, '1-115 1-122', '518.8', '820', '57.1', '7.5', '1'),
(2123, '1-123 1-130', '494.5', '820', '57.1', '7.5', '1'),
(2131, '1-131 1-138', '471.7', '820', '57.1', '7.5', '1'),
(2163, '1-163 1-170', '354.8', '820', '57.1', '7.5', '1'),
(2171, '1-171 1-178', '333.1', '820', '57.1', '7.5', '1'),
(803, '1-179 Juvenile', '307.6', '820', '57.1', '7.5', '1'),
(804, 'Juvenile', '284.7', '820', '57.1', '7.5', '1'),
(2100, '1-100 1-105', '564.3000000000001', '716.8', '90.3', '7.5', '1'),
(2108, '1-108 1-113', '541.6', '716.8', '90.3', '7.5', '1'),
(2116, '1-116 1-121', '518.8', '716.8', '90.3', '7.5', '1'),
(2124, '1-124 1-129', '494.5', '716.8', '90.3', '7.5', '1'),
(2132, '1-132 1-137', '471.70000000000005', '716.8', '90.3', '7.5', '1'),
(2139, '1-139 1-144', '447.40000000000003', '716.8', '90.3', '7.5', '1'),
(2145, '1-145 1-150', '424.70000000000005', '716.8', '90.3', '7.5', '1'),
(2151, '1-151 1-156', '401.90000000000003', '716.8', '90.3', '7.5', '1'),
(2157, '1-157 1-162', '377.6', '716.8', '90.3', '7.5', '1'),
(2164, '1-164 1-169', '354.8', '716.8', '90.3', '7.5', '1'),
(2172, '1-172 1-177', '333.1', '716.8', '90.3', '7.5', '1'),
(805, 'Juvenile', '307.6', '716.8', '90.3', '7.5', '1'),
(701, 'Juvenile/Video', '284.70000000000005', '716.8', '90.3', '7.5', '1'),
(2110, '1-110 1-111', '564.7', '492', '73.5', '7.5', '1'),
(2118, '1-118 1-119', '541.6', '490.9', '87.4', '7.5', '1'),
(2126, '1-126 1-127', '518.9', '490.9', '87.4', '7.5', '1'),
(2134, '1-134 1-135', '494.5', '490.9', '87.4', '7.5', '1'),
(2141, '1-141 1-142', '471.8', '490.9', '87.4', '7.5', '1'),
(2147, '1-147 1-148', '447.8', '490.9', '73.5', '7.5', '1'),
(2153, '1-153 1-154', '424.7', '490.9', '87.4', '7.5', '1'),
(991, '1- 1-00', '402', '490.9', '87.4', '7.5', '1'),
(2159, '1-159 1-160', '377.59999999999997', '490.9', '87.4', '7.5', '1'),
(2166, '1-166 1-167', '354.8', '490.9', '87.4', '7.5', '1'),
(807, 'Juvenile', '306.1', '517', '59.3', '7.5', '1'),
(702, 'Juvenile/Video', '282.5', '517', '59.3', '7.5', '1'),
(2174, '1-174 1-175', '330.7', '490.9', '71.8', '7.5', '1'),
(228, '1-28 1-29', '156.00000000000003', '323.5', '101.8', '7.5', '1'),
(224, '1-24 1-25', '132.8', '323.5', '101.8', '7.5', '1'),
(220, '1-20 1-21', '109.8', '323.5', '101.8', '7.5', '1'),
(216, '1-16 1-17', '88', '337.6', '87.4', '7.5', '1'),
(212, '1-12 1-13', '65.5', '337.6', '87.4', '7.5', '1'),
(26, '1-6 1-7', '18.6', '320', '47.8', '8.3', '1'),
(3002, '', '634.4', '101.99999999999999', '7.9', '57.2', '2'),
(22, '1-2 1-3', '-2', '340', '28', '7.9', '1'),
(223, '1-23 1-26', '137.2', '232.2', '75.5', '7.5', '1'),
(219, '1-19 1-22', '112.8', '232.2', '75.5', '7.5', '1'),
(215, '1-15 1-18', '89.1', '232.2', '75.5', '7.5', '1'),
(211, '1-11 1-14', '65.5', '232.2', '75.5', '7.5', '1'),
(255, '1-55 1-56', '442.1', '220', '87.7', '7.5', '1'),
(29, '1-9 1-10', '42.4', '232.2', '75.5', '7.5', '1'),
(25, '1-5 1-8', '18.6', '232.2', '75.5', '7.5', '1'),
(21, '1-1 1-4', '-5', '232.2', '75.5', '7.5', '1'),
(3003, '', '611.5', '101.99999999999999', '7.9', '57.2', '2'),
(3005, '', '588.7', '101.99999999999999', '7.9', '57.2', '2'),
(3006, '', '565.9', '101.99999999999999', '7.9', '57.2', '2'),
(3007, '', '543', '101.99999999999999', '7.9', '57.2', '2'),
(3008, '', '520.2', '101.99999999999999', '7.9', '57.2', '2'),
(3009, '', '499.5', '101.99999999999999', '7.9', '57.2', '2'),
(3010, '', '588.7', '200.00000000000003', '7.9', '85.5', '2'),
(3011, '', '565.9000000000001', '200.00000000000003', '7.9', '85.5', '2'),
(3012, '', '543.1', '200.00000000000003', '7.9', '85.5', '2'),
(3013, '', '520.3000000000001', '200.00000000000003', '7.9', '85.5', '2'),
(3014, '', '499.5', '200.00000000000003', '7.9', '85.5', '2'),
(3015, '', '136.3', '118.8', '85.5', '7.9', '2'),
(3016, '', '27.9', '97', '79.8', '7.9', '2'),
(3017, '', '27.9', '108.6', '79.8', '7.9', '2'),
(3018, '', '27.9', '120.1', '79.8', '7.9', '2'),
(3019, '', '27.9', '131.7', '79.8', '7.9', '2'),
(3020, '', '27.9', '143.3', '79.8', '7.9', '2'),
(3021, '', '27.9', '154.8', '79.8', '7.9', '2'),
(3022, '', '27.9', '166.4', '79.8', '7.9', '2'),
(3023, '', '27.9', '177.9', '79.8', '7.9', '2'),
(3024, '', '27.9', '201.1', '79.8', '7.9', '2'),
(3025, '', '27.9', '189.5', '79.8', '7.9', '2'),
(3026, '', '27.9', '212.6', '79.8', '7.9', '2'),
(3027, '', '27.9', '224.2', '79.8', '7.9', '2'),
(3028, '', '27.9', '235.8', '79.8', '7.9', '2'),
(3029, '', '27.9', '247.3', '79.8', '7.9', '2'),
(3030, '', '27.9', '258.9', '79.8', '7.9', '2'),
(3031, '', '38.9', '440', '7.9', '66.1', '2'),
(3032, '', '50.3', '440', '7.9', '66.1', '2'),
(3033, '', '61.7', '440', '7.9', '66.1', '2'),
(3034, '', '73.1', '440', '7.9', '66.1', '2'),
(3035, '', '84.5', '440', '7.9', '66.1', '2'),
(3036, '', '95.9', '440', '7.9', '66.1', '2'),
(3037, '', '107.3', '440', '7.9', '66.1', '2'),
(3038, '', '118.7', '440', '7.9', '66.1', '2'),
(3039, '', '130.1', '440', '7.9', '66.1', '2'),
(3040, '', '141.5', '440', '7.9', '66.1', '2'),
(3041, '', '153', '440', '7.9', '66.1', '2'),
(3042, '', '164.4', '440', '7.9', '66.1', '2'),
(3043, '', '175.8', '440', '7.9', '66.1', '2'),
(3044, '', '187.2', '440', '7.9', '66.1', '2'),
(3045, '', '198.6', '440', '7.9', '66.1', '2'),
(3046, '', '210', '440', '7.9', '66.1', '2'),
(3047, '', '136.3', '129.6', '85.5', '7.9', '2'),
(3048, '', '136.3', '140.3', '85.5', '7.9', '2'),
(3049, '', '136.3', '151.1', '85.5', '7.9', '2'),
(3050, '', '136.3', '161.9', '85.5', '7.9', '2'),
(3051, '', '136.3', '172.7', '85.5', '7.9', '2'),
(3052, '', '136.3', '183.4', '85.5', '7.9', '2'),
(3053, '', '136.3', '194.2', '85.5', '7.9', '2'),
(3054, '', '136.3', '205', '85.5', '7.9', '2'),
(3055, '', '136.3', '226.5', '85.5', '7.9', '2'),
(3056, '', '136.6', '237.3', '85.5', '7.9', '2'),
(3057, '', '136.3', '248.1', '85.5', '7.9', '2'),
(3058, '', '136.3', '258.9', '85.5', '7.9', '2'),
(3059, '', '136.3', '269.7', '85.5', '7.9', '2'),
(3060, '', '136.3', '280.4', '85.5', '7.9', '2'),
(3061, '', '136.3', '291.2', '85.5', '7.9', '2'),
(3062, '', '136.3', '302', '85.5', '7.9', '2'),
(3063, '', '136.3', '312.8', '85.5', '7.9', '2'),
(3064, '', '136.3', '323.5', '85.5', '7.9', '2'),
(3065, '', '136.3', '334.3', '85.5', '7.9', '2'),
(3066, '', '136.3', '345.1', '85.5', '7.9', '2'),
(3067, '', '136.3', '355.9', '85.5', '7.9', '2'),
(3068, '', '136.3', '366.6', '85.5', '7.9', '2'),
(3069, '', '136.3', '377.4', '85.5', '7.9', '2'),
(3070, '', '136.3', '388.2', '85.5', '7.9', '2'),
(3071, '', '136.3', '399', '85.5', '7.9', '2'),
(3072, '', '136.3', '409.7', '85.5', '7.9', '2'),
(3073, '', '136.3', '215.8', '85.5', '7.9', '2'),
(3074, '', '470', '120', '7.9', '134.6', '2'),
(3075, '', '458.8', '120', '7.9', '134.6', '2'),
(3076, '', '447.5', '120', '7.9', '134.6', '2'),
(3077, '', '436.3', '120', '7.9', '134.6', '2'),
(3078, '', '425', '120', '7.9', '134.6', '2'),
(3079, '', '413.8', '120', '7.9', '134.6', '2'),
(3080, '', '402.5', '120', '7.9', '134.6', '2'),
(3081, '', '391.3', '120', '7.9', '134.6', '2'),
(3082, '', '380', '120', '7.9', '134.6', '2'),
(3083, '', '368.8', '120', '7.9', '134.6', '2'),
(3084, '', '357.5', '120', '7.9', '134.6', '2'),
(3085, '', '346.3', '120', '7.9', '134.6', '2'),
(3086, '', '335', '120', '7.9', '134.6', '2'),
(3087, '', '323.8', '120', '7.9', '134.6', '2'),
(3088, '', '312.5', '120', '7.9', '134.6', '2'),
(3089, '', '301.3', '120', '7.9', '134.6', '2'),
(3090, '', '290', '120', '7.9', '134.6', '2'),
(3091, '', '278.8', '120', '7.9', '134.6', '2'),
(3092, '', '267.5', '120', '7.9', '134.6', '2'),
(3093, '', '256.3', '120', '7.9', '134.6', '2'),
(3094, '', '245', '120', '7.9', '134.6', '2'),
(3095, '', '588.7', '315', '7.9', '99.9', '2'),
(3096, '', '565.9000000000001', '315', '7.9', '99.9', '2'),
(3097, '', '543.1', '315', '7.9', '99.9', '2'),
(3098, '', '520.3000000000001', '315', '7.9', '99.9', '2'),
(3099, '', '499.5', '315', '7.9', '99.9', '2'),
(3100, '', '565.8000000000001', '449.7', '7.9', '84.2', '2'),
(3101, '', '543', '449.7', '7.9', '84.2', '2'),
(3102, '', '520.2', '449.7', '7.9', '84.2', '2'),
(3103, '', '499.40000000000003', '449.7', '7.9', '84.2', '2'),
(3104, '', '476.5', '449.7', '7.9', '70.5', '2'),
(3105, '', '588.7', '449.7', '7.9', '70.5', '2'),
(3106, '', '361', '449.7', '7.9', '70.5', '2'),
(3107, '', '451.7', '449.7', '7.9', '84.2', '2'),
(3108, '', '428.90000000000003', '449.7', '7.9', '84.2', '2'),
(3109, '', '406', '449.7', '7.9', '84.2', '2'),
(3110, '', '383.90000000000003', '449.7', '7.9', '84.2', '2'),
(3111, '', '588.7', '557.9', '7.9', '84.7', '2'),
(3112, '', '565.8000000000001', '557.9', '7.9', '100.1', '2'),
(3113, '', '543', '557.9', '7.9', '100.1', '2'),
(3114, '', '520.2', '557.5', '7.9', '100.1', '2'),
(3115, '', '499.4', '557.5', '7.9', '100.1', '2'),
(3116, '', '451.7', '557.5', '7.9', '100.1', '2'),
(3117, '', '428.9', '557.5', '7.9', '100.1', '2'),
(3118, '', '406', '557.5', '7.9', '100.1', '2'),
(3119, '', '476.5', '557.5', '7.9', '84.7', '2'),
(3120, '', '361', '557.9', '7.9', '84.7', '2'),
(3121, '', '383.9', '557.9', '7.9', '100.1', '2'),
(3122, '', '337.5', '557.5', '7.9', '100.1', '2'),
(3123, '', '314.7', '557.5', '7.9', '100.1', '2'),
(3124, '', '292.6', '557.9', '7.9', '100.1', '2'),
(3125, '', '588.7', '664.3', '6.9', '70.9', '2'),
(3126, '', '588.4', '768.1', '6.9', '57.3', '2'),
(3127, '', '565.3', '768.1', '6.9', '57.3', '2'),
(3128, '', '542.3', '768.1', '6.9', '57.3', '2'),
(3129, '', '520.1', '768.1', '6.9', '57.3', '2'),
(3130, '', '496.1000000000001', '768.1', '6.9', '57.3', '2'),
(3131, '', '451.9', '768.1', '6.9', '57.3', '2'),
(3132, '', '428.8', '768.1', '6.9', '57.3', '2'),
(3133, '', '405.7', '768.1', '6.9', '57.3', '2'),
(3134, '', '382.7', '768.1', '6.9', '57.3', '2'),
(3135, '', '359.6', '768.1', '6.9', '57.3', '2'),
(3136, '', '337.5', '768.1', '6.9', '57.3', '2'),
(3137, '', '611.4', '768.1', '6.9', '57.3', '2'),
(3138, '', '634.5', '768.1', '6.9', '57.3', '2'),
(3139, '', '656.6', '768.1', '6.9', '57.3', '2'),
(3140, '', '678.8', '768.1', '6.9', '57.3', '2'),
(3141, '', '565.8', '664.3', '7.9', '84.7', '2'),
(3142, '', '543', '664.3', '7.9', '84.7', '2'),
(3143, '', '520.1999999999999', '664.3', '7.9', '84.7', '2'),
(3144, '', '499.4', '664.3', '7.9', '84.7', '2'),
(3145, '', '474.5', '664.3', '7.9', '84.7', '2'),
(3146, '', '451.7', '664.3', '7.9', '84.7', '2'),
(3147, '', '428.9', '664.3', '7.9', '84.7', '2'),
(3148, '', '406', '664.3', '7.9', '84.7', '2'),
(3149, '', '383.9', '664.3', '7.9', '84.7', '2'),
(3150, '', '360.4', '664.3', '7.9', '84.7', '2'),
(3151, '', '337.5', '664.3', '7.9', '84.7', '2'),
(3152, '', '314.7', '664.3', '7.9', '84.7', '2'),
(3153, '', '292.6', '664.3', '7.9', '84.7', '2'),
(3154, '', '292.6', '768.1', '7.9', '84.7', '2'),
(3155, '', '269.1', '768.1', '7.9', '84.7', '2'),
(3156, '', '245.5', '768.1', '7.9', '84.7', '2'),
(3157, '', '223.5', '768.1', '7.9', '84.7', '2'),
(3158, '', '200.3', '768.1', '7.9', '84.7', '2'),
(3159, '', '269.1', '664.3', '7.9', '84.7', '2'),
(3160, '', '245.5', '678', '7.8', '70.9', '2'),
(3161, '', '222.60000000000002', '678', '7.8', '70.9', '2'),
(3162, '', '199.8', '678', '7.8', '70.9', '2');

-- --------------------------------------------------------

--
-- Table structure for table `Subjects`
--

CREATE TABLE IF NOT EXISTS `Subjects` (
  `Math` int(11) NOT NULL,
  `Science` int(11) NOT NULL,
  `Language` int(11) NOT NULL
) ENGINE=MyISAM DEFAULT CHARSET=latin1;

--
-- Dumping data for table `Subjects`
--

INSERT INTO `Subjects` (`Math`, `Science`, `Language`) VALUES
(10, 33, 5);

-- --------------------------------------------------------

--
-- Table structure for table `Subjects_f20`
--

CREATE TABLE IF NOT EXISTS `Subjects_f20` (
  `Math` int(11) NOT NULL,
  `Science` int(11) NOT NULL,
  `Language` int(11) NOT NULL
) ENGINE=MyISAM DEFAULT CHARSET=latin1;

--
-- Dumping data for table `Subjects_f20`
--

INSERT INTO `Subjects_f20` (`Math`, `Science`, `Language`) VALUES
(10, 33, 5);

--
-- Indexes for dumped tables
--

--
-- Indexes for table `booklocations`
--
ALTER TABLE `booklocations`
  ADD PRIMARY KEY (`ShelfNo`);

--
-- Indexes for table `booklocations_f20`
--
ALTER TABLE `booklocations_f20`
  ADD PRIMARY KEY (`ShelfNo`);

--
-- Indexes for table `FeedBack`
--
ALTER TABLE `FeedBack`
  ADD PRIMARY KEY (`ID`);

--
-- Indexes for table `FeedBack_f20`
--
ALTER TABLE `FeedBack_f20`
  ADD PRIMARY KEY (`ID`);

--
-- Indexes for table `login`
--
ALTER TABLE `login`
  ADD PRIMARY KEY (`Username`);

--
-- Indexes for table `login_f20`
--
ALTER TABLE `login_f20`
  ADD PRIMARY KEY (`Username`);

--
-- Indexes for table `permstructlocations`
--
ALTER TABLE `permstructlocations`
  ADD PRIMARY KEY (`StructID`);

--
-- Indexes for table `permstructlocations_f20`
--
ALTER TABLE `permstructlocations_f20`
  ADD PRIMARY KEY (`StructID`);

--
-- Indexes for table `shelflocations`
--
ALTER TABLE `shelflocations`
  ADD PRIMARY KEY (`ShelfNo`);

--
-- Indexes for table `shelflocations_f20`
--
ALTER TABLE `shelflocations_f20`
  ADD PRIMARY KEY (`ShelfNo`);

--
-- Indexes for table `Subjects`
--
ALTER TABLE `Subjects`
  ADD PRIMARY KEY (`Math`);

--
-- Indexes for table `Subjects_f20`
--
ALTER TABLE `Subjects_f20`
  ADD PRIMARY KEY (`Math`);

--
-- AUTO_INCREMENT for dumped tables
--

--
-- AUTO_INCREMENT for table `FeedBack`
--
ALTER TABLE `FeedBack`
  MODIFY `ID` int(10) NOT NULL AUTO_INCREMENT,AUTO_INCREMENT=241;
--
-- AUTO_INCREMENT for table `FeedBack_f20`
--
ALTER TABLE `FeedBack_f20`
  MODIFY `ID` int(10) NOT NULL AUTO_INCREMENT,AUTO_INCREMENT=241;
--
-- AUTO_INCREMENT for table `permstructlocations`
--
ALTER TABLE `permstructlocations`
  MODIFY `StructID` int(11) NOT NULL AUTO_INCREMENT,AUTO_INCREMENT=31;
--
-- AUTO_INCREMENT for table `permstructlocations_f20`
--
ALTER TABLE `permstructlocations_f20`
  MODIFY `StructID` int(11) NOT NULL AUTO_INCREMENT,AUTO_INCREMENT=31;
/*!40101 SET CHARACTER_SET_CLIENT=@OLD_CHARACTER_SET_CLIENT */;
/*!40101 SET CHARACTER_SET_RESULTS=@OLD_CHARACTER_SET_RESULTS */;
/*!40101 SET COLLATION_CONNECTION=@OLD_COLLATION_CONNECTION */;
